run,elapsed_seconds,process_cpu_percent_raw,process_cpu_percent_normalized,host_cpu_percent,process_rss_mib,host_used_mib,host_available_mib,host_memory_percent
1,0.2008,404.4,101.1,100.0,4526.73,4935.76,10769.74,31.4
1,0.4016,399.3,99.83,100.0,4526.73,4935.76,10769.74,31.4
1,0.6024,399.4,99.85,100.0,4526.74,4935.76,10769.74,31.4
1,0.8033,399.4,99.85,100.0,4526.74,4935.76,10769.74,31.4
1,1.0039,399.4,99.85,100.0,4526.74,4935.76,10769.74,31.4
1,1.2047,399.4,99.85,100.0,4526.74,4935.76,10769.74,31.4
1,1.4054,399.4,99.85,100.0,4526.74,4935.76,10769.74,31.4
1,1.6063,399.4,99.85,100.0,4526.74,4935.76,10769.74,31.4
1,1.807,399.4,99.85,100.0,4526.74,4935.76,10769.74,31.4
1,2.0078,399.4,99.85,100.0,4526.74,4935.76,10769.74,31.4
1,2.2088,399.3,99.83,100.0,4526.74,4935.76,10769.74,31.4
1,2.4095,399.4,99.85,100.0,4526.74,4935.76,10769.74,31.4
1,2.6105,399.4,99.85,100.0,4526.74,4935.76,10769.74,31.4
1,2.8113,399.4,99.85,100.0,4526.74,4935.76,10769.74,31.4
1,3.0209,401.9,100.47,100.0,4526.74,4935.76,10769.74,31.4
1,3.2216,399.4,99.85,100.0,4526.75,4935.76,10769.74,31.4
1,3.4225,399.4,99.85,100.0,4526.75,4935.76,10769.74,31.4
1,3.6234,399.4,99.85,100.0,4526.75,4935.76,10769.74,31.4
1,3.8243,399.4,99.85,100.0,4526.75,4935.76,10769.74,31.4
1,4.0251,399.4,99.85,100.0,4526.75,4935.76,10769.74,31.4
1,4.226,399.4,99.85,100.0,4526.75,4935.76,10769.74,31.4
1,4.4269,399.4,99.85,100.0,4526.75,4935.76,10769.74,31.4
1,4.6276,399.4,99.85,100.0,4526.75,4935.76,10769.74,31.4
1,4.8283,399.4,99.85,100.0,4526.75,4935.76,10769.74,31.4
1,5.0291,399.4,99.85,100.0,4526.75,4935.76,10769.74,31.4
1,5.23,399.4,99.85,100.0,4526.75,4935.76,10769.74,31.4
1,5.4309,414.4,103.6,100.0,4526.75,4935.76,10769.74,31.4
1,5.6316,399.4,99.85,100.0,4526.75,4935.76,10769.74,31.4
1,5.8323,399.4,99.85,100.0,4526.75,4935.76,10769.74,31.4
1,6.0332,399.4,99.85,100.0,4526.75,4935.76,10769.74,31.4
1,6.234,399.3,99.83,100.0,4526.75,4935.76,10769.74,31.4
1,6.4349,399.4,99.85,100.0,4526.75,4935.76,10769.74,31.4
1,6.6357,399.4,99.85,100.0,4526.75,4935.76,10769.74,31.4
1,6.8364,399.4,99.85,100.0,4526.76,4935.76,10769.74,31.4
1,7.0409,411.9,102.97,100.0,4526.76,4935.76,10769.74,31.4
1,7.2417,399.4,99.85,100.0,4526.76,4935.76,10769.74,31.4
1,7.4424,399.4,99.85,100.0,4526.76,4935.76,10769.74,31.4
1,7.6433,399.4,99.85,100.0,4526.76,4935.76,10769.74,31.4
1,7.8441,399.4,99.85,100.0,4526.76,4935.76,10769.74,31.4
1,8.0449,399.4,99.85,100.0,4526.76,4935.76,10769.74,31.4
1,8.2456,399.4,99.85,100.0,4526.76,4935.76,10769.74,31.4
1,8.4465,399.4,99.85,100.0,4526.77,4935.76,10769.74,31.4
1,8.6472,399.4,99.85,100.0,4526.77,4935.76,10769.74,31.4
1,8.848,399.4,99.85,100.0,4526.77,4935.76,10769.74,31.4
1,9.0487,399.4,99.85,100.0,4526.77,4935.76,10769.74,31.4
1,9.2494,399.5,99.88,100.0,4526.77,4935.76,10769.74,31.4
1,9.45,399.4,99.85,100.0,4526.77,4935.76,10769.74,31.4
1,9.6609,413.6,103.4,100.0,4526.77,4935.76,10769.74,31.4
1,9.8616,399.4,99.85,100.0,4526.77,4935.76,10769.74,31.4
1,10.0622,289.6,72.4,70.9,4526.77,4935.76,10769.74,31.4
2,0.2007,399.4,99.85,100.0,4526.85,4935.76,10769.74,31.4
2,0.4015,394.4,98.6,100.0,4526.85,4935.76,10769.74,31.4
2,0.6023,404.4,101.1,100.0,4526.85,4935.76,10769.74,31.4
2,0.803,394.4,98.6,100.0,4526.86,4935.76,10769.74,31.4
2,1.0037,399.5,99.88,100.0,4526.86,4935.38,10770.12,31.4
2,1.2045,399.4,99.85,100.0,4526.87,4935.38,10770.12,31.4
2,1.4051,399.5,99.88,100.0,4526.87,4935.38,10770.12,31.4
2,1.6059,399.5,99.88,100.0,4526.87,4935.38,10770.12,31.4
2,1.8067,399.4,99.85,100.0,4526.87,4935.38,10770.12,31.4
2,2.0173,413.8,103.45,100.0,4526.87,4932.76,10772.73,31.4
2,2.2181,399.5,99.88,100.0,4526.87,4932.76,10772.73,31.4
2,2.4189,399.4,99.85,100.0,4526.87,4932.76,10772.73,31.4
2,2.6197,399.4,99.85,100.0,4526.87,4932.76,10772.73,31.4
2,2.8206,399.4,99.85,100.0,4526.87,4932.76,10772.73,31.4
2,3.0214,399.4,99.85,100.0,4526.87,4931.09,10774.4,31.4
2,3.2222,399.5,99.88,100.0,4526.87,4931.09,10774.4,31.4
2,3.423,399.4,99.85,100.0,4526.87,4931.09,10774.4,31.4
2,3.6238,399.5,99.88,100.0,4526.87,4931.09,10774.4,31.4
2,3.8246,399.4,99.85,100.0,4526.87,4931.09,10774.4,31.4
2,4.0253,399.4,99.85,100.0,4526.87,4930.92,10774.57,31.4
2,4.226,399.5,99.88,100.0,4526.88,4930.92,10774.57,31.4
2,4.4268,399.4,99.85,100.0,4526.88,4930.92,10774.57,31.4
2,4.6274,414.6,103.65,100.0,4526.88,4930.92,10774.57,31.4
2,4.8281,399.5,99.88,100.0,4526.88,4930.92,10774.57,31.4
2,5.0288,399.4,99.85,100.0,4526.88,4930.92,10774.57,31.4
2,5.2296,399.4,99.85,100.0,4526.88,4930.92,10774.57,31.4
2,5.4304,399.4,99.85,100.0,4526.88,4930.92,10774.57,31.4
2,5.6312,399.4,99.85,100.0,4526.88,4930.92,10774.57,31.4
2,5.8322,399.4,99.85,100.0,4526.88,4930.92,10774.57,31.4
2,6.0329,399.4,99.85,100.0,4526.88,4930.92,10774.57,31.4
2,6.2336,399.4,99.85,100.0,4526.88,4930.92,10774.57,31.4
2,6.4345,399.4,99.85,100.0,4526.88,4930.92,10774.57,31.4
2,6.6353,399.4,99.85,100.0,4526.88,4930.92,10774.57,31.4
2,6.8363,399.3,99.83,100.0,4526.88,4930.92,10774.57,31.4
2,7.037,399.4,99.85,100.0,4526.88,4930.92,10774.57,31.4
2,7.2474,400.1,100.03,100.0,4526.88,4930.92,10774.57,31.4
2,7.4482,399.4,99.85,100.0,4526.88,4930.92,10774.57,31.4
2,7.6491,399.4,99.85,100.0,4526.88,4930.92,10774.57,31.4
2,7.8498,399.4,99.85,100.0,4526.88,4930.92,10774.57,31.4
2,8.0507,399.4,99.85,100.0,4526.88,4930.92,10774.57,31.4
2,8.2516,399.4,99.85,100.0,4526.88,4930.92,10774.57,31.4
2,8.4525,399.3,99.83,100.0,4526.88,4930.92,10774.57,31.4
2,8.6533,399.4,99.85,100.0,4526.88,4930.92,10774.57,31.4
2,8.854,399.4,99.85,100.0,4526.88,4930.92,10774.57,31.4
2,9.0547,399.4,99.85,100.0,4526.88,4930.92,10774.57,31.4
2,9.2555,399.4,99.85,100.0,4526.88,4930.92,10774.57,31.4
2,9.4562,399.4,99.85,100.0,4526.89,4930.92,10774.57,31.4
2,9.6571,399.4,99.85,100.0,4526.89,4930.92,10774.57,31.4
2,9.8579,399.4,99.85,100.0,4526.89,4930.92,10774.57,31.4
2,10.0585,219.7,54.92,54.4,4526.89,4930.92,10774.57,31.4
3,0.2007,394.4,98.6,98.8,4526.89,4930.92,10774.57,31.4
3,0.4015,399.4,99.85,100.0,4526.89,4930.92,10774.57,31.4
3,0.6023,399.4,99.85,100.0,4526.9,4930.92,10774.57,31.4
3,0.8031,399.4,99.85,100.0,4526.9,4930.92,10774.57,31.4
3,1.0039,399.4,99.85,100.0,4526.9,4930.92,10774.57,31.4
3,1.2047,399.4,99.85,100.0,4526.9,4930.92,10774.57,31.4
3,1.4054,399.4,99.85,100.0,4526.9,4930.92,10774.57,31.4
3,1.6061,399.5,99.88,100.0,4526.9,4930.92,10774.57,31.4
3,1.8068,399.5,99.88,100.0,4526.9,4930.92,10774.57,31.4
3,2.0079,404.5,101.12,100.0,4526.91,4930.92,10774.57,31.4
3,2.2087,399.4,99.85,100.0,4526.91,4930.92,10774.57,31.4
3,2.4096,399.4,99.85,100.0,4526.91,4930.92,10774.57,31.4
3,2.6104,399.4,99.85,100.0,4526.91,4930.92,10774.57,31.4
3,2.8112,399.4,99.85,100.0,4526.91,4930.92,10774.57,31.4
3,3.012,399.4,99.85,100.0,4526.91,4930.92,10774.57,31.4
3,3.2127,399.4,99.85,100.0,4526.91,4930.92,10774.57,31.4
3,3.4136,399.4,99.85,100.0,4526.91,4930.92,10774.57,31.4
3,3.6146,399.3,99.83,100.0,4526.91,4930.92,10774.57,31.4
3,3.8154,399.4,99.85,100.0,4526.91,4930.92,10774.57,31.4
3,4.0163,399.4,99.85,100.0,4526.91,4930.92,10774.57,31.4
3,4.2173,399.3,99.83,100.0,4526.91,4930.92,10774.57,31.4
3,4.4277,400.0,100.0,100.0,4526.91,4930.92,10774.57,31.4
3,4.6285,399.5,99.88,100.0,4526.91,4930.92,10774.57,31.4
3,4.8294,399.4,99.85,100.0,4526.91,4930.92,10774.57,31.4
3,5.0302,399.4,99.85,100.0,4526.91,4930.92,10774.57,31.4
3,5.231,399.4,99.85,100.0,4526.91,4930.92,10774.57,31.4
3,5.4318,399.4,99.85,100.0,4526.92,4930.92,10774.57,31.4
3,5.6326,399.4,99.85,100.0,4526.92,4930.92,10774.57,31.4
3,5.8334,399.4,99.85,100.0,4526.92,4930.92,10774.57,31.4
3,6.0342,399.4,99.85,100.0,4526.92,4930.92,10774.57,31.4
3,6.2349,399.4,99.85,100.0,4526.92,4930.92,10774.57,31.4
3,6.4357,399.4,99.85,100.0,4526.92,4930.92,10774.57,31.4
3,6.6365,399.4,99.85,100.0,4526.92,4930.92,10774.57,31.4
3,6.8372,404.4,101.1,100.0,4526.92,4930.92,10774.57,31.4
3,7.0378,409.7,102.42,100.0,4526.93,4930.92,10774.57,31.4
3,7.2387,399.4,99.85,100.0,4526.93,4930.92,10774.57,31.4
3,7.4395,399.4,99.85,100.0,4526.93,4930.92,10774.57,31.4
3,7.6403,399.4,99.85,100.0,4526.93,4930.92,10774.57,31.4
3,7.8411,399.4,99.85,100.0,4526.93,4930.92,10774.57,31.4
3,8.0419,399.4,99.85,100.0,4526.93,4930.92,10774.57,31.4
3,8.2426,399.4,99.85,100.0,4526.93,4930.92,10774.57,31.4
3,8.4434,399.4,99.85,100.0,4526.93,4930.92,10774.57,31.4
3,8.6441,399.4,99.85,100.0,4526.93,4930.92,10774.57,31.4
3,8.845,399.4,99.85,100.0,4526.93,4930.92,10774.57,31.4
3,9.0457,399.4,99.85,100.0,4526.93,4930.92,10774.57,31.4
3,9.2464,399.5,99.88,100.0,4526.93,4930.92,10774.57,31.4
3,9.4471,399.4,99.85,100.0,4526.93,4930.92,10774.57,31.4
3,9.6579,409.0,102.25,100.0,4526.93,4930.92,10774.57,31.4
3,9.8587,399.4,99.85,100.0,4526.93,4930.92,10774.57,31.4
3,10.0593,274.6,68.65,67.5,4526.93,4930.92,10774.57,31.4
