precision,batch_size,run,latency_seconds,input_tokens_total,output_tokens_total,output_tokens_per_second,requests_per_second,allocated_mib,reserved_mib,max_allocated_mib,max_reserved_mib
fp32,1,1,1.3332,53,64,48.0033,0.7501,4204.48,4224.0,4211.86,4224.0
fp32,1,2,1.3373,53,64,47.8559,0.7477,4204.48,4224.0,4211.86,4224.0
fp32,1,3,1.3463,53,64,47.5364,0.7428,4204.48,4224.0,4211.86,4224.0
fp32,2,1,1.695,106,128,75.5173,1.18,4204.48,4232.0,4219.23,4232.0
fp32,2,2,1.6942,106,128,75.5539,1.1805,4204.48,4232.0,4219.23,4232.0
fp32,2,3,1.6939,106,128,75.5646,1.1807,4204.48,4232.0,4219.23,4232.0
fp32,4,1,1.864,212,256,137.3418,2.146,4204.49,4264.0,4233.99,4264.0
fp32,4,2,1.868,212,256,137.0467,2.1414,4204.49,4264.0,4233.99,4264.0
fp32,4,3,1.8641,212,256,137.329,2.1458,4204.49,4264.0,4233.99,4264.0
fp32,8,1,2.5004,424,512,204.7644,3.1994,4204.49,4308.0,4263.5,4308.0
fp32,8,2,2.5028,424,512,204.5682,3.1964,4204.49,4308.0,4263.5,4308.0
fp32,8,3,2.5064,424,512,204.2749,3.1918,4204.49,4308.0,4263.5,4308.0
