timestamp,name,pstate,memory_total_mib,memory_used_mib,gpu_util_percent,memory_util_percent,temperature_c,power_w
2026/09/28 15:54:36.980, Tesla T4, P0, 15360, 0, 0, 0, 38, 33.38
2026/09/28 15:54:37.096, Tesla T4, P0, 15360, 0, 0, 0, 38, 33.30
2026/09/28 15:54:38.012, Tesla T4, P0, 15360, 0, 0, 0, 38, 33.28
2026/09/28 15:54:38.128, Tesla T4, P0, 15360, 0, 0, 0, 38, 33.77
2026/09/28 15:54:39.046, Tesla T4, P0, 15360, 0, 0, 0, 38, 33.57
2026/09/28 15:54:39.160, Tesla T4, P0, 15360, 0, 0, 0, 38, 33.28
2026/09/28 15:54:40.079, Tesla T4, P0, 15360, 0, 0, 0, 38, 33.28
2026/09/28 15:54:40.193, Tesla T4, P0, 15360, 0, 0, 0, 38, 33.38
2026/09/28 15:54:41.112, Tesla T4, P0, 15360, 0, 0, 0, 38, 33.28
2026/09/28 15:54:41.225, Tesla T4, P0, 15360, 0, 0, 0, 38, 33.67
2026/09/28 15:54:42.144, Tesla T4, P0, 15360, 0, 0, 0, 38, 33.38
2026/09/28 15:54:42.260, Tesla T4, P0, 15360, 0, 0, 0, 38, 33.67
2026/09/28 15:54:43.177, Tesla T4, P0, 15360, 0, 0, 0, 38, 33.36
2026/09/28 15:54:43.292, Tesla T4, P0, 15360, 0, 0, 0, 38, 33.32
2026/09/28 15:54:44.210, Tesla T4, P0, 15360, 0, 0, 0, 38, 33.28
2026/09/28 15:54:44.324, Tesla T4, P0, 15360, 0, 0, 0, 38, 33.51
2026/09/28 15:54:45.242, Tesla T4, P0, 15360, 0, 0, 0, 38, 33.53
2026/09/28 15:54:45.357, Tesla T4, P0, 15360, 0, 0, 0, 38, 33.75
2026/09/28 15:54:46.275, Tesla T4, P0, 15360, 0, 0, 0, 38, 33.57
2026/09/28 15:54:46.389, Tesla T4, P0, 15360, 0, 0, 0, 38, 33.38
2026/09/28 15:54:47.423, Tesla T4, P0, 15360, 0, 0, 0, 38, 33.38
2026/09/28 15:54:48.455, Tesla T4, P0, 15360, 0, 0, 0, 38, 33.46
2026/09/28 15:54:49.489, Tesla T4, P0, 15360, 0, 0, 0, 38, 33.57
2026/09/28 15:54:50.521, Tesla T4, P0, 15360, 0, 0, 0, 38, 33.36
2026/09/28 15:54:51.553, Tesla T4, P0, 15360, 0, 0, 0, 38, 33.53
2026/09/28 15:54:52.586, Tesla T4, P0, 15360, 0, 0, 0, 38, 33.38
2026/09/28 15:54:53.619, Tesla T4, P0, 15360, 0, 0, 0, 38, 33.55
2026/09/28 15:54:54.652, Tesla T4, P0, 15360, 0, 0, 0, 38, 33.08
2026/09/28 15:54:55.684, Tesla T4, P0, 15360, 0, 0, 0, 38, 33.08
2026/09/28 15:54:56.716, Tesla T4, P0, 15360, 0, 0, 0, 38, 33.18
2026/09/28 15:54:57.749, Tesla T4, P0, 15360, 0, 0, 0, 38, 33.08
2026/09/28 15:54:58.783, Tesla T4, P0, 15360, 0, 0, 0, 38, 33.18
2026/09/28 15:54:59.816, Tesla T4, P0, 15360, 0, 0, 0, 38, 34.33
2026/09/28 15:55:00.849, Tesla T4, P0, 15360, 0, 0, 0, 38, 33.18
2026/09/28 15:55:01.881, Tesla T4, P0, 15360, 0, 0, 0, 38, 33.18
2026/09/28 15:55:02.913, Tesla T4, P0, 15360, 0, 0, 0, 38, 33.28
2026/09/28 15:55:03.946, Tesla T4, P0, 15360, 0, 0, 0, 38, 33.18
2026/09/28 15:55:04.978, Tesla T4, P0, 15360, 0, 0, 0, 38, 33.24
2026/09/28 15:55:06.011, Tesla T4, P0, 15360, 0, 0, 0, 38, 33.07
2026/09/28 15:55:07.044, Tesla T4, P0, 15360, 0, 0, 0, 38, 33.28
2026/09/28 15:55:08.077, Tesla T4, P0, 15360, 3, 0, 0, 38, 33.16
2026/09/28 15:55:09.114, Tesla T4, P0, 15360, 3, 0, 0, 38, 33.16
2026/09/28 15:55:10.155, Tesla T4, P0, 15360, 3, 0, 0, 38, 33.36
2026/09/28 15:55:11.213, Tesla T4, P0, 15360, 3, 0, 0, 38, 33.18
2026/09/28 15:55:12.297, Tesla T4, P0, 15360, 3, 0, 0, 38, 33.16
2026/09/28 15:55:13.359, Tesla T4, P0, 15360, 3, 0, 0, 38, 34.24
2026/09/28 15:55:14.418, Tesla T4, P0, 15360, 3, 0, 0, 38, 33.18
2026/09/28 15:55:15.450, Tesla T4, P0, 15360, 3, 0, 0, 38, 33.28
2026/09/28 15:55:16.484, Tesla T4, P0, 15360, 3, 0, 0, 38, 33.18
2026/09/28 15:55:17.516, Tesla T4, P0, 15360, 3, 0, 0, 38, 33.16
2026/09/28 15:55:18.548, Tesla T4, P0, 15360, 3, 0, 0, 38, 33.26
2026/09/28 15:55:19.581, Tesla T4, P0, 15360, 3, 0, 0, 38, 33.24
2026/09/28 15:55:20.613, Tesla T4, P0, 15360, 3, 0, 0, 38, 33.18
2026/09/28 15:55:21.645, Tesla T4, P0, 15360, 3, 0, 0, 38, 33.20
2026/09/28 15:55:22.677, Tesla T4, P0, 15360, 3, 0, 0, 38, 33.07
2026/09/28 15:55:23.710, Tesla T4, P0, 15360, 3, 0, 0, 38, 33.18
2026/09/28 15:55:24.742, Tesla T4, P0, 15360, 3, 0, 0, 38, 33.36
2026/09/28 15:55:25.775, Tesla T4, P0, 15360, 3, 0, 0, 38, 33.18
2026/09/28 15:55:26.807, Tesla T4, P0, 15360, 3, 0, 0, 38, 33.38
2026/09/28 15:55:27.839, Tesla T4, P0, 15360, 3, 0, 0, 38, 33.16
2026/09/28 15:55:28.937, Tesla T4, P0, 15360, 3, 0, 0, 38, 33.18
2026/09/28 15:55:29.980, Tesla T4, P0, 15360, 23, 1, 0, 38, 33.30
2026/09/28 15:55:31.014, Tesla T4, P0, 15360, 2037, 60, 2, 38, 35.13
2026/09/28 15:55:32.048, Tesla T4, P0, 15360, 4319, 1, 0, 38, 33.16
2026/09/28 15:55:33.080, Tesla T4, P0, 15360, 4319, 0, 0, 38, 33.20
2026/09/28 15:55:34.112, Tesla T4, P0, 15360, 4319, 0, 0, 38, 33.28
2026/09/28 15:55:35.144, Tesla T4, P0, 15360, 4319, 0, 0, 38, 33.28
2026/09/28 15:55:36.176, Tesla T4, P0, 15360, 4319, 0, 0, 38, 33.26
2026/09/28 15:55:37.208, Tesla T4, P0, 15360, 4319, 0, 0, 38, 33.28
2026/09/28 15:55:38.240, Tesla T4, P0, 15360, 4319, 0, 0, 38, 33.40
2026/09/28 15:55:39.273, Tesla T4, P0, 15360, 4319, 0, 0, 38, 33.38
2026/09/28 15:55:40.305, Tesla T4, P0, 15360, 4319, 0, 0, 38, 33.08
2026/09/28 15:55:41.339, Tesla T4, P0, 15360, 4353, 91, 95, 42, 68.73
2026/09/28 15:55:42.382, Tesla T4, P0, 15360, 4355, 90, 95, 43, 70.38
2026/09/28 15:55:43.432, Tesla T4, P0, 15360, 4355, 91, 95, 43, 81.15
2026/09/28 15:55:44.484, Tesla T4, P0, 15360, 4355, 93, 96, 44, 71.98
2026/09/28 15:55:45.523, Tesla T4, P0, 15360, 4355, 90, 95, 44, 70.98
2026/09/28 15:55:46.567, Tesla T4, P0, 15360, 4359, 58, 48, 44, 69.23
2026/09/28 15:55:47.610, Tesla T4, P0, 15360, 4359, 94, 91, 44, 70.49
2026/09/28 15:55:48.657, Tesla T4, P0, 15360, 4363, 94, 92, 45, 69.18
2026/09/28 15:55:49.697, Tesla T4, P0, 15360, 4363, 94, 92, 45, 83.65
2026/09/28 15:55:50.740, Tesla T4, P0, 15360, 4363, 94, 91, 45, 69.71
2026/09/28 15:55:51.780, Tesla T4, P0, 15360, 4363, 94, 93, 45, 69.33
2026/09/28 15:55:52.825, Tesla T4, P0, 15360, 4363, 94, 91, 46, 70.35
2026/09/28 15:55:53.865, Tesla T4, P0, 15360, 4387, 94, 87, 46, 68.27
2026/09/28 15:55:54.907, Tesla T4, P0, 15360, 4395, 94, 86, 46, 68.11
2026/09/28 15:55:55.946, Tesla T4, P0, 15360, 4395, 94, 86, 46, 69.77
2026/09/28 15:55:56.985, Tesla T4, P0, 15360, 4395, 95, 57, 46, 59.29
2026/09/28 15:55:58.025, Tesla T4, P0, 15360, 4395, 95, 87, 46, 68.61
2026/09/28 15:55:59.063, Tesla T4, P0, 15360, 4395, 95, 82, 46, 69.14
2026/09/28 15:56:00.103, Tesla T4, P0, 15360, 4395, 95, 87, 47, 69.71
2026/09/28 15:56:01.144, Tesla T4, P0, 15360, 4417, 95, 81, 47, 70.20
2026/09/28 15:56:02.181, Tesla T4, P0, 15360, 4439, 96, 79, 47, 71.70
2026/09/28 15:56:03.226, Tesla T4, P0, 15360, 4439, 97, 46, 47, 69.57
2026/09/28 15:56:04.263, Tesla T4, P0, 15360, 4439, 96, 79, 47, 69.77
2026/09/28 15:56:05.300, Tesla T4, P0, 15360, 4439, 96, 78, 47, 68.42
2026/09/28 15:56:06.338, Tesla T4, P0, 15360, 4439, 95, 81, 47, 70.21
2026/09/28 15:56:07.377, Tesla T4, P0, 15360, 4439, 95, 78, 48, 71.41
2026/09/28 15:56:08.416, Tesla T4, P0, 15360, 4439, 100, 43, 48, 68.46
2026/09/28 15:56:09.453, Tesla T4, P0, 15360, 4439, 96, 79, 48, 68.36
2026/09/28 15:56:10.493, Tesla T4, P0, 15360, 4439, 95, 78, 48, 70.06
2026/09/28 15:56:11.531, Tesla T4, P0, 15360, 0, 2, 0, 45, 40.31
2026/09/28 15:56:12.564, Tesla T4, P0, 15360, 0, 0, 0, 45, 34.33
2026/09/28 15:56:13.596, Tesla T4, P0, 15360, 0, 0, 0, 44, 35.09
2026/09/28 15:56:14.629, Tesla T4, P0, 15360, 0, 0, 0, 44, 34.22
2026/09/28 15:56:15.661, Tesla T4, P0, 15360, 0, 0, 0, 44, 34.41
2026/09/28 15:56:16.693, Tesla T4, P0, 15360, 0, 0, 0, 44, 34.24
2026/09/28 15:56:17.726, Tesla T4, P0, 15360, 0, 0, 0, 43, 34.24
2026/09/28 15:56:18.758, Tesla T4, P0, 15360, 0, 0, 0, 43, 34.04
2026/09/28 15:56:19.791, Tesla T4, P0, 15360, 0, 0, 0, 43, 34.04
2026/09/28 15:56:20.823, Tesla T4, P0, 15360, 0, 0, 0, 43, 34.14
