elapsed_seconds,process_cpu_raw_percent,process_cpu_normalized_percent,host_cpu_percent,process_rss_mib,host_available_mib,experiment,run
0.2008,399.4,99.85,100.0,4523.67,10764.75,A_baseline,1
0.4016,399.4,99.85,100.0,4523.67,10764.75,A_baseline,1
0.6024,409.4,102.35,100.0,4523.68,10764.75,A_baseline,1
0.8031,389.4,97.35,100.0,4523.68,10764.75,A_baseline,1
1.0039,404.4,101.1,100.0,4523.68,10764.75,A_baseline,1
1.2048,399.4,99.85,100.0,4523.68,10764.75,A_baseline,1
1.4057,399.3,99.83,100.0,4523.68,10764.75,A_baseline,1
1.6065,399.4,99.85,100.0,4523.68,10764.75,A_baseline,1
1.8075,399.3,99.83,100.0,4523.68,10764.75,A_baseline,1
2.0083,399.4,99.85,100.0,4523.68,10764.75,A_baseline,1
2.22,411.7,102.92,100.0,4523.68,10764.75,A_baseline,1
2.4208,399.5,99.88,100.0,4523.68,10764.75,A_baseline,1
2.6216,399.4,99.85,100.0,4523.68,10764.75,A_baseline,1
2.8225,399.4,99.85,100.0,4523.68,10764.75,A_baseline,1
3.0233,399.4,99.85,100.0,4523.68,10764.75,A_baseline,1
3.2241,399.4,99.85,100.0,4523.68,10764.75,A_baseline,1
3.4249,399.4,99.85,100.0,4523.68,10764.75,A_baseline,1
3.6257,399.4,99.85,100.0,4523.68,10764.75,A_baseline,1
3.8265,399.4,99.85,100.0,4523.68,10764.75,A_baseline,1
4.0273,399.4,99.85,100.0,4523.68,10764.75,A_baseline,1
4.2281,399.4,99.85,100.0,4523.68,10764.75,A_baseline,1
4.4288,399.4,99.85,100.0,4523.68,10764.75,A_baseline,1
4.6296,399.4,99.85,100.0,4523.68,10764.75,A_baseline,1
4.8303,414.4,103.6,100.0,4523.69,10764.75,A_baseline,1
5.031,394.5,98.62,100.0,4523.69,10764.75,A_baseline,1
5.2318,399.5,99.88,100.0,4523.69,10764.75,A_baseline,1
5.4325,399.4,99.85,100.0,4523.69,10764.75,A_baseline,1
5.6333,399.4,99.85,100.0,4523.69,10764.75,A_baseline,1
5.8342,399.4,99.85,100.0,4523.69,10764.75,A_baseline,1
6.035,399.4,99.85,100.0,4523.69,10764.75,A_baseline,1
6.2359,399.4,99.85,100.0,4523.69,10764.75,A_baseline,1
6.4367,399.4,99.85,100.0,4523.69,10764.75,A_baseline,1
6.6377,399.4,99.85,100.0,4523.69,10764.75,A_baseline,1
6.8384,404.4,101.1,100.0,4523.69,10764.75,A_baseline,1
7.0392,394.4,98.6,100.0,4523.69,10764.75,A_baseline,1
7.2401,414.4,103.6,100.0,4523.69,10764.75,A_baseline,1
7.4502,400.9,100.22,100.0,4523.69,10764.75,A_baseline,1
7.6511,399.4,99.85,100.0,4523.69,10764.75,A_baseline,1
7.8519,399.4,99.85,100.0,4523.69,10764.75,A_baseline,1
8.0526,399.4,99.85,100.0,4523.69,10764.75,A_baseline,1
8.2533,399.4,99.85,100.0,4523.69,10764.75,A_baseline,1
8.4541,399.4,99.85,100.0,4523.69,10764.75,A_baseline,1
8.655,399.4,99.85,100.0,4523.69,10764.75,A_baseline,1
8.856,399.3,99.83,100.0,4523.7,10764.75,A_baseline,1
9.0569,399.4,99.85,100.0,4523.7,10764.75,A_baseline,1
9.2578,399.4,99.85,100.0,4523.7,10764.75,A_baseline,1
9.4601,411.2,102.8,100.0,4523.7,10764.75,A_baseline,1
9.661,399.4,99.85,100.0,4523.7,10764.75,A_baseline,1
9.8617,174.7,43.67,41.0,4523.7,10764.75,A_baseline,1
0.2008,394.1,98.53,100.0,4523.78,10764.75,A_baseline,2
0.4017,399.4,99.85,100.0,4523.78,10764.75,A_baseline,2
0.6025,404.4,101.1,100.0,4523.78,10764.75,A_baseline,2
0.8032,394.4,98.6,100.0,4523.78,10764.75,A_baseline,2
1.0039,399.4,99.85,100.0,4523.78,10764.75,A_baseline,2
1.2047,399.4,99.85,100.0,4523.78,10764.75,A_baseline,2
1.4054,399.4,99.85,100.0,4523.78,10764.75,A_baseline,2
1.606,399.4,99.85,100.0,4523.79,10764.95,A_baseline,2
1.8066,399.5,99.88,100.0,4523.79,10764.95,A_baseline,2
2.0163,406.2,101.55,100.0,4523.79,10764.95,A_baseline,2
2.2171,399.5,99.88,100.0,4523.79,10764.95,A_baseline,2
2.4178,399.5,99.88,100.0,4523.79,10764.95,A_baseline,2
2.6185,404.4,101.1,100.0,4523.79,10769.2,A_baseline,2
2.8193,399.5,99.88,100.0,4523.79,10769.2,A_baseline,2
3.02,399.5,99.88,100.0,4523.79,10769.2,A_baseline,2
3.2208,399.5,99.88,100.0,4523.79,10769.2,A_baseline,2
3.4216,399.4,99.85,100.0,4523.79,10769.58,A_baseline,2
3.6222,394.5,98.62,100.0,4523.79,10772.64,A_baseline,2
3.8228,399.5,99.88,100.0,4523.79,10772.64,A_baseline,2
4.0234,399.5,99.88,100.0,4523.79,10772.64,A_baseline,2
4.2241,399.4,99.85,100.0,4523.79,10772.64,A_baseline,2
4.4247,399.5,99.88,100.0,4523.79,10772.64,A_baseline,2
4.6255,399.5,99.88,100.0,4523.79,10772.93,A_baseline,2
4.8264,399.4,99.85,100.0,4523.79,10772.93,A_baseline,2
5.0272,399.4,99.85,100.0,4523.79,10772.93,A_baseline,2
5.2279,399.4,99.85,100.0,4523.79,10772.93,A_baseline,2
5.4287,399.5,99.88,100.0,4523.79,10772.93,A_baseline,2
5.6325,393.5,98.38,100.0,4523.79,10772.93,A_baseline,2
5.8333,399.4,99.85,100.0,4523.79,10772.93,A_baseline,2
6.034,399.5,99.88,100.0,4523.79,10772.93,A_baseline,2
6.2347,399.5,99.88,100.0,4523.79,10772.93,A_baseline,2
6.4354,404.5,101.12,100.0,4523.79,10772.93,A_baseline,2
6.6362,399.5,99.88,100.0,4523.79,10772.93,A_baseline,2
6.8454,392.7,98.17,100.0,4523.79,10772.93,A_baseline,2
7.0461,399.7,99.92,100.0,4523.79,10772.93,A_baseline,2
7.2469,399.4,99.85,100.0,4523.8,10772.93,A_baseline,2
7.4476,399.5,99.88,100.0,4523.8,10772.93,A_baseline,2
7.6484,399.4,99.85,100.0,4523.8,10772.93,A_baseline,2
7.8492,399.4,99.85,100.0,4523.8,10772.93,A_baseline,2
8.0499,399.4,99.85,100.0,4523.8,10772.93,A_baseline,2
8.2506,399.4,99.85,100.0,4523.8,10772.93,A_baseline,2
8.4513,399.4,99.85,100.0,4523.8,10772.93,A_baseline,2
8.6522,404.4,101.1,100.0,4523.8,10772.93,A_baseline,2
8.8531,399.4,99.85,100.0,4523.8,10772.93,A_baseline,2
9.054,399.3,99.83,100.0,4523.8,10772.93,A_baseline,2
9.2549,399.4,99.85,100.0,4523.8,10772.93,A_baseline,2
9.4558,399.4,99.85,100.0,4523.8,10772.93,A_baseline,2
9.6566,399.4,99.85,100.0,4523.8,10772.93,A_baseline,2
9.8572,189.7,47.42,44.4,4523.8,10772.93,A_baseline,2
0.2092,397.7,99.42,100.0,4523.81,10772.93,A_baseline,3
0.41,399.4,99.85,100.0,4523.81,10772.93,A_baseline,3
0.6109,394.4,98.6,100.0,4523.81,10772.93,A_baseline,3
0.8117,399.4,99.85,100.0,4523.81,10772.93,A_baseline,3
1.0126,399.4,99.85,100.0,4523.81,10772.93,A_baseline,3
1.2133,399.3,99.83,100.0,4523.81,10772.93,A_baseline,3
1.4141,394.5,98.62,100.0,4523.82,10772.93,A_baseline,3
1.6148,399.5,99.88,100.0,4523.82,10772.93,A_baseline,3
1.8155,399.5,99.88,100.0,4523.82,10772.93,A_baseline,3
2.0162,399.4,99.85,100.0,4523.82,10772.93,A_baseline,3
2.217,399.5,99.88,100.0,4523.82,10772.93,A_baseline,3
2.4177,399.4,99.85,100.0,4523.82,10772.93,A_baseline,3
2.6183,399.5,99.88,100.0,4523.82,10772.93,A_baseline,3
2.8189,414.4,103.6,100.0,4523.82,10772.93,A_baseline,3
3.0197,399.5,99.88,100.0,4523.82,10772.93,A_baseline,3
3.2204,399.4,99.85,100.0,4523.83,10772.93,A_baseline,3
3.429,403.4,100.85,100.0,4523.83,10772.93,A_baseline,3
3.6298,399.5,99.88,100.0,4523.83,10772.93,A_baseline,3
3.8306,399.4,99.85,100.0,4523.83,10772.93,A_baseline,3
4.0313,399.4,99.85,100.0,4523.83,10772.93,A_baseline,3
4.232,399.5,99.88,100.0,4523.83,10772.93,A_baseline,3
4.4326,399.4,99.85,100.0,4523.83,10772.93,A_baseline,3
4.6333,399.5,99.88,100.0,4523.83,10772.93,A_baseline,3
4.834,399.5,99.88,100.0,4523.83,10772.93,A_baseline,3
5.0347,399.4,99.85,100.0,4523.83,10772.93,A_baseline,3
5.2354,399.4,99.85,100.0,4523.83,10772.93,A_baseline,3
5.4363,399.4,99.85,100.0,4523.83,10772.93,A_baseline,3
5.637,399.4,99.85,100.0,4523.83,10772.93,A_baseline,3
5.8377,399.4,99.85,100.0,4523.83,10772.93,A_baseline,3
6.0386,399.4,99.85,100.0,4523.83,10772.93,A_baseline,3
6.2391,414.8,103.7,100.0,4523.84,10772.93,A_baseline,3
6.4399,399.4,99.85,100.0,4523.84,10772.93,A_baseline,3
6.6493,402.3,100.58,100.0,4523.84,10772.93,A_baseline,3
6.85,399.4,99.85,100.0,4523.84,10772.93,A_baseline,3
7.0508,399.4,99.85,100.0,4523.84,10772.93,A_baseline,3
7.2517,399.4,99.85,100.0,4523.84,10772.93,A_baseline,3
7.4524,399.4,99.85,100.0,4523.84,10772.93,A_baseline,3
7.6532,399.4,99.85,100.0,4523.84,10772.93,A_baseline,3
7.8539,399.4,99.85,100.0,4523.84,10772.93,A_baseline,3
8.0546,399.4,99.85,100.0,4523.84,10772.93,A_baseline,3
8.2553,399.5,99.88,100.0,4523.84,10772.93,A_baseline,3
8.456,399.4,99.85,100.0,4523.84,10772.93,A_baseline,3
8.6568,399.4,99.85,100.0,4523.84,10772.93,A_baseline,3
8.8575,399.4,99.85,100.0,4523.84,10772.93,A_baseline,3
9.0582,399.4,99.85,100.0,4523.84,10772.93,A_baseline,3
9.2591,399.4,99.85,100.0,4523.84,10772.93,A_baseline,3
9.4599,399.4,99.85,100.0,4523.84,10772.93,A_baseline,3
9.6607,399.4,99.85,100.0,4523.84,10772.93,A_baseline,3
9.8614,399.4,99.85,100.0,4523.84,10772.93,A_baseline,3
10.0619,39.9,9.97,8.8,4523.85,10772.93,A_baseline,3
0.2008,399.4,99.85,100.0,4606.54,10680.41,B_long_input,1
0.4016,399.4,99.85,100.0,4606.54,10680.41,B_long_input,1
0.6112,401.8,100.45,100.0,4614.43,10680.79,B_long_input,1
0.8119,399.4,99.85,100.0,4615.56,10680.79,B_long_input,1
1.0127,399.4,99.85,100.0,4622.97,10680.41,B_long_input,1
1.2133,399.5,99.88,100.0,4622.98,10680.41,B_long_input,1
1.4141,404.4,101.1,100.0,4622.98,10680.46,B_long_input,1
1.6148,394.4,98.6,100.0,4626.8,10678.39,B_long_input,1
1.8155,399.4,99.85,100.0,4637.89,10665.95,B_long_input,1
2.0162,399.5,99.88,100.0,4640.57,10662.12,B_long_input,1
2.2169,399.4,99.85,100.0,4646.86,10658.29,B_long_input,1
2.4177,399.4,99.85,100.0,4646.86,10658.02,B_long_input,1
2.6184,399.4,99.85,100.0,4646.86,10658.02,B_long_input,1
2.8194,399.4,99.85,100.0,4646.86,10658.02,B_long_input,1
3.0201,399.4,99.85,100.0,4646.86,10658.02,B_long_input,1
3.221,399.4,99.85,100.0,4646.86,10658.02,B_long_input,1
3.422,399.4,99.85,100.0,4593.53,10711.49,B_long_input,1
3.6229,399.4,99.85,100.0,4593.53,10711.49,B_long_input,1
3.8237,399.4,99.85,100.0,4593.53,10711.49,B_long_input,1
4.0245,404.4,101.1,100.0,4593.54,10711.49,B_long_input,1
4.2252,399.4,99.85,100.0,4593.54,10711.49,B_long_input,1
4.4259,399.4,99.85,100.0,4593.54,10711.49,B_long_input,1
4.6266,394.4,98.6,100.0,4593.54,10711.49,B_long_input,1
4.8273,399.4,99.85,100.0,4593.54,10711.49,B_long_input,1
5.0281,399.4,99.85,100.0,4593.54,10711.49,B_long_input,1
5.2287,399.4,99.85,100.0,4593.54,10711.49,B_long_input,1
5.4296,399.4,99.85,100.0,4593.54,10711.49,B_long_input,1
5.6304,399.4,99.85,100.0,4593.55,10711.49,B_long_input,1
5.8311,414.4,103.6,100.0,4593.55,10711.49,B_long_input,1
6.0411,400.8,100.2,100.0,4593.55,10711.49,B_long_input,1
6.242,399.4,99.85,100.0,4593.55,10711.49,B_long_input,1
6.4428,399.4,99.85,100.0,4593.55,10711.49,B_long_input,1
6.6437,399.4,99.85,100.0,4593.55,10711.49,B_long_input,1
6.8446,399.3,99.83,100.0,4593.55,10711.49,B_long_input,1
7.0454,399.4,99.85,100.0,4593.55,10711.49,B_long_input,1
7.2462,399.4,99.85,100.0,4593.55,10711.49,B_long_input,1
7.447,399.3,99.83,100.0,4593.55,10711.49,B_long_input,1
7.6478,399.4,99.85,100.0,4593.55,10711.49,B_long_input,1
7.8486,399.4,99.85,100.0,4593.55,10711.49,B_long_input,1
8.0494,399.3,99.83,100.0,4593.55,10711.49,B_long_input,1
8.2501,399.4,99.85,100.0,4593.55,10711.49,B_long_input,1
8.4508,399.4,99.85,100.0,4593.55,10711.49,B_long_input,1
8.6517,399.4,99.85,100.0,4593.56,10711.49,B_long_input,1
8.8525,399.3,99.83,100.0,4593.56,10711.49,B_long_input,1
9.0532,399.4,99.85,100.0,4593.56,10711.49,B_long_input,1
9.2541,399.4,99.85,100.0,4593.56,10711.49,B_long_input,1
9.4548,399.4,99.85,100.0,4593.56,10711.49,B_long_input,1
9.6556,399.4,99.85,100.0,4593.56,10711.49,B_long_input,1
9.8565,399.4,99.85,100.0,4593.56,10711.49,B_long_input,1
10.0575,399.4,99.85,100.0,4593.56,10711.49,B_long_input,1
10.2583,399.3,99.83,100.0,4593.56,10711.49,B_long_input,1
10.459,399.4,99.85,100.0,4593.56,10711.49,B_long_input,1
10.6597,399.4,99.85,100.0,4593.56,10711.49,B_long_input,1
10.8603,399.4,99.85,100.0,4593.57,10711.49,B_long_input,1
11.061,409.4,102.35,100.0,4593.57,10711.49,B_long_input,1
11.2711,400.6,100.15,100.0,4593.57,10711.49,B_long_input,1
11.4718,399.5,99.88,100.0,4593.57,10711.49,B_long_input,1
11.6727,399.4,99.85,100.0,4593.57,10711.49,B_long_input,1
11.8734,399.4,99.85,100.0,4593.57,10711.49,B_long_input,1
12.074,399.5,99.88,100.0,4593.57,10711.49,B_long_input,1
12.2746,279.6,69.9,67.5,4593.57,10711.49,B_long_input,1
0.2056,394.7,98.67,100.0,4602.41,10707.06,B_long_input,2
0.4064,399.4,99.85,100.0,4611.44,10696.34,B_long_input,2
0.6071,399.4,99.85,100.0,4616.7,10688.5,B_long_input,2
0.8079,399.4,99.85,100.0,4616.7,10688.5,B_long_input,2
1.0087,399.4,99.85,100.0,4625.67,10680.43,B_long_input,2
1.2094,399.4,99.85,100.0,4628.35,10680.24,B_long_input,2
1.4102,399.4,99.85,100.0,4640.52,10667.41,B_long_input,2
1.6109,404.4,101.1,100.0,4641.55,10667.41,B_long_input,2
1.8117,394.4,98.6,100.0,4641.55,10667.41,B_long_input,2
2.0125,399.4,99.85,100.0,4659.01,10650.76,B_long_input,2
2.2132,399.4,99.85,100.0,4659.02,10650.46,B_long_input,2
2.4141,399.4,99.85,100.0,4659.02,10650.46,B_long_input,2
2.6149,399.4,99.85,100.0,4659.02,10650.46,B_long_input,2
2.8256,413.9,103.47,100.0,4659.02,10650.46,B_long_input,2
3.0264,399.5,99.88,100.0,4659.02,10650.46,B_long_input,2
3.227,399.5,99.88,100.0,4610.1,10695.44,B_long_input,2
3.4277,399.5,99.88,100.0,4610.1,10695.44,B_long_input,2
3.6284,399.5,99.88,100.0,4610.11,10695.44,B_long_input,2
3.8291,399.4,99.85,100.0,4610.11,10695.44,B_long_input,2
4.0298,399.4,99.85,100.0,4610.11,10695.44,B_long_input,2
4.2304,399.5,99.88,100.0,4610.11,10695.59,B_long_input,2
4.4312,399.5,99.88,100.0,4610.11,10695.59,B_long_input,2
4.632,399.3,99.83,100.0,4610.11,10695.59,B_long_input,2
4.8327,399.4,99.85,100.0,4610.11,10695.59,B_long_input,2
5.0334,399.4,99.85,100.0,4610.11,10695.59,B_long_input,2
5.2341,399.4,99.85,100.0,4610.11,10695.59,B_long_input,2
5.4347,399.4,99.85,100.0,4610.11,10695.59,B_long_input,2
5.6355,414.4,103.6,100.0,4610.11,10695.59,B_long_input,2
5.8362,399.4,99.85,100.0,4610.11,10695.59,B_long_input,2
6.037,399.4,99.85,100.0,4610.11,10695.59,B_long_input,2
6.2377,399.4,99.85,100.0,4610.11,10695.59,B_long_input,2
6.4383,399.5,99.88,100.0,4610.12,10695.59,B_long_input,2
6.6392,399.4,99.85,100.0,4610.12,10695.59,B_long_input,2
6.8402,399.3,99.83,100.0,4610.12,10695.59,B_long_input,2
7.0411,399.4,99.85,100.0,4610.12,10695.59,B_long_input,2
7.2423,398.4,99.6,100.0,4610.12,10695.59,B_long_input,2
7.4431,374.5,93.62,100.0,4610.12,10694.25,B_long_input,2
7.6439,374.4,93.6,100.0,4610.12,10691.18,B_long_input,2
7.8446,389.5,97.38,100.0,4610.12,10691.18,B_long_input,2
8.0554,399.5,99.88,100.0,4610.12,10691.16,B_long_input,2
8.2562,399.4,99.85,100.0,4610.12,10690.91,B_long_input,2
8.4571,399.4,99.85,100.0,4610.12,10690.91,B_long_input,2
8.6578,399.4,99.85,100.0,4610.12,10690.91,B_long_input,2
8.8585,399.4,99.85,100.0,4610.12,10690.91,B_long_input,2
9.0593,399.4,99.85,100.0,4610.12,10690.91,B_long_input,2
9.26,399.4,99.85,100.0,4610.12,10690.91,B_long_input,2
9.4608,399.5,99.88,100.0,4610.12,10690.91,B_long_input,2
9.6616,399.4,99.85,100.0,4610.12,10690.91,B_long_input,2
9.8624,399.4,99.85,100.0,4610.12,10690.91,B_long_input,2
10.0633,399.4,99.85,100.0,4610.12,10690.91,B_long_input,2
10.2641,399.4,99.85,100.0,4610.12,10690.91,B_long_input,2
10.4648,399.4,99.85,100.0,4610.13,10690.91,B_long_input,2
10.6657,414.4,103.6,100.0,4610.13,10690.91,B_long_input,2
10.8665,399.4,99.85,100.0,4610.13,10690.91,B_long_input,2
11.0673,399.4,99.85,100.0,4610.13,10690.91,B_long_input,2
11.268,399.3,99.83,100.0,4610.13,10690.91,B_long_input,2
11.4688,399.4,99.85,100.0,4610.13,10690.91,B_long_input,2
11.6696,399.4,99.85,100.0,4610.13,10690.91,B_long_input,2
11.8705,399.4,99.85,100.0,4610.13,10690.91,B_long_input,2
12.0713,399.3,99.83,100.0,4610.13,10690.91,B_long_input,2
12.272,399.4,99.85,100.0,4610.14,10690.91,B_long_input,2
12.4725,20.0,5.0,3.7,4610.14,10690.91,B_long_input,2
0.2007,389.4,97.35,100.0,4610.14,10690.91,B_long_input,3
0.4014,399.4,99.85,100.0,4610.14,10690.91,B_long_input,3
0.612,409.3,102.33,100.0,4618.9,10687.27,B_long_input,3
0.8127,399.4,99.85,100.0,4618.9,10687.22,B_long_input,3
1.0134,399.4,99.85,100.0,4619.36,10687.22,B_long_input,3
1.2141,399.5,99.88,100.0,4624.92,10682.82,B_long_input,3
1.4148,399.4,99.85,100.0,4624.92,10682.82,B_long_input,3
1.6155,394.4,98.6,100.0,4624.92,10682.66,B_long_input,3
1.8163,399.5,99.88,100.0,4639.78,10666.09,B_long_input,3
2.017,399.4,99.85,100.0,4642.46,10666.09,B_long_input,3
2.2177,399.4,99.85,100.0,4642.46,10666.09,B_long_input,3
2.4185,394.5,98.62,100.0,4642.48,10666.09,B_long_input,3
2.6193,399.4,99.85,100.0,4606.08,10704.85,B_long_input,3
2.8202,399.4,99.85,100.0,4606.08,10704.85,B_long_input,3
3.0209,399.4,99.85,100.0,4606.09,10704.85,B_long_input,3
3.2216,399.4,99.85,100.0,4606.09,10704.85,B_long_input,3
3.4223,399.5,99.88,100.0,4606.09,10704.85,B_long_input,3
3.623,399.4,99.85,100.0,4606.09,10704.98,B_long_input,3
3.8239,399.4,99.85,100.0,4606.09,10704.98,B_long_input,3
4.0247,399.4,99.85,100.0,4606.09,10704.98,B_long_input,3
4.2254,399.4,99.85,100.0,4606.09,10704.98,B_long_input,3
4.4262,399.4,99.85,100.0,4606.09,10704.98,B_long_input,3
4.6269,399.4,99.85,100.0,4606.1,10704.98,B_long_input,3
4.8276,399.4,99.85,100.0,4606.1,10704.98,B_long_input,3
5.0285,399.4,99.85,100.0,4606.1,10704.98,B_long_input,3
5.2294,399.4,99.85,100.0,4606.1,10704.98,B_long_input,3
5.4303,399.3,99.83,100.0,4606.1,10704.98,B_long_input,3
5.631,399.4,99.85,100.0,4606.1,10704.98,B_long_input,3
5.8318,399.4,99.85,100.0,4606.1,10704.98,B_long_input,3
6.042,400.4,100.1,100.0,4606.1,10704.98,B_long_input,3
6.2427,399.5,99.88,100.0,4606.1,10704.98,B_long_input,3
6.4433,399.5,99.88,100.0,4606.1,10704.98,B_long_input,3
6.644,399.5,99.88,100.0,4606.1,10704.98,B_long_input,3
6.8446,399.4,99.85,100.0,4606.1,10704.98,B_long_input,3
7.0453,399.4,99.85,100.0,4606.11,10704.98,B_long_input,3
7.246,399.4,99.85,100.0,4606.11,10704.98,B_long_input,3
7.4467,399.4,99.85,100.0,4606.11,10704.98,B_long_input,3
7.6475,399.4,99.85,100.0,4606.11,10704.98,B_long_input,3
7.8484,399.4,99.85,100.0,4606.11,10704.98,B_long_input,3
8.0493,399.4,99.85,100.0,4606.11,10704.98,B_long_input,3
8.2503,399.3,99.83,100.0,4606.11,10704.98,B_long_input,3
8.4512,399.3,99.83,100.0,4606.11,10704.98,B_long_input,3
8.6521,414.4,103.6,100.0,4606.11,10704.98,B_long_input,3
8.8527,394.5,98.62,100.0,4606.11,10704.98,B_long_input,3
9.0534,394.4,98.6,100.0,4606.11,10704.98,B_long_input,3
9.2542,399.5,99.88,100.0,4606.11,10704.98,B_long_input,3
9.455,399.4,99.85,100.0,4606.11,10704.98,B_long_input,3
9.656,399.3,99.83,100.0,4606.11,10704.98,B_long_input,3
9.8621,403.8,100.95,100.0,4606.11,10704.98,B_long_input,3
10.0631,399.4,99.85,100.0,4606.11,10704.98,B_long_input,3
10.2637,394.4,98.6,100.0,4606.11,10704.98,B_long_input,3
10.4644,399.4,99.85,100.0,4606.11,10704.98,B_long_input,3
10.6653,399.4,99.85,100.0,4606.11,10704.98,B_long_input,3
10.8661,399.4,99.85,100.0,4606.12,10704.98,B_long_input,3
11.0669,399.4,99.85,100.0,4606.12,10704.98,B_long_input,3
11.2676,399.4,99.85,100.0,4606.12,10704.98,B_long_input,3
11.4682,399.4,99.85,100.0,4606.12,10704.98,B_long_input,3
11.669,399.4,99.85,100.0,4606.12,10704.98,B_long_input,3
11.8699,399.4,99.85,100.0,4606.12,10704.98,B_long_input,3
12.0706,359.5,89.88,87.7,4606.12,10704.98,B_long_input,3
0.2007,399.3,99.83,100.0,4606.32,10704.98,C_long_output,1
0.4015,399.4,99.85,100.0,4606.32,10704.98,C_long_output,1
0.6023,399.4,99.85,100.0,4606.32,10704.98,C_long_output,1
0.8029,399.4,99.85,100.0,4606.32,10704.98,C_long_output,1
1.0037,399.4,99.85,100.0,4606.32,10704.98,C_long_output,1
1.2045,399.3,99.83,100.0,4606.32,10704.98,C_long_output,1
1.4052,399.4,99.85,100.0,4606.32,10704.98,C_long_output,1
1.6059,399.4,99.85,100.0,4606.32,10704.98,C_long_output,1
1.8067,399.4,99.85,100.0,4606.32,10704.98,C_long_output,1
2.0075,399.4,99.85,100.0,4606.33,10704.98,C_long_output,1
2.2082,399.4,99.85,100.0,4606.33,10704.98,C_long_output,1
2.4089,399.4,99.85,100.0,4606.33,10704.98,C_long_output,1
2.6095,399.4,99.85,100.0,4606.33,10704.98,C_long_output,1
2.8102,414.8,103.7,100.0,4606.33,10704.98,C_long_output,1
3.011,399.4,99.85,100.0,4606.33,10704.98,C_long_output,1
3.2117,399.5,99.88,100.0,4606.33,10704.98,C_long_output,1
3.4124,399.5,99.88,100.0,4606.33,10704.98,C_long_output,1
3.6132,399.4,99.85,100.0,4606.33,10704.98,C_long_output,1
3.8139,399.4,99.85,100.0,4606.33,10704.98,C_long_output,1
4.0148,399.4,99.85,100.0,4606.34,10704.98,C_long_output,1
4.2155,399.4,99.85,100.0,4606.34,10704.98,C_long_output,1
4.4162,399.4,99.85,100.0,4606.34,10704.98,C_long_output,1
4.617,399.4,99.85,100.0,4606.34,10704.98,C_long_output,1
4.8201,409.7,102.42,100.0,4606.34,10704.98,C_long_output,1
5.0209,399.4,99.85,100.0,4606.34,10704.98,C_long_output,1
5.2216,399.4,99.85,100.0,4606.34,10704.98,C_long_output,1
5.4224,399.5,99.88,100.0,4606.34,10704.98,C_long_output,1
5.6232,399.4,99.85,100.0,4606.34,10704.98,C_long_output,1
5.8239,399.5,99.88,100.0,4606.34,10704.98,C_long_output,1
6.0246,399.4,99.85,100.0,4606.34,10704.98,C_long_output,1
6.2254,399.4,99.85,100.0,4606.34,10704.98,C_long_output,1
6.4262,399.3,99.83,100.0,4606.34,10704.98,C_long_output,1
6.627,399.4,99.85,100.0,4606.34,10704.98,C_long_output,1
6.8277,399.4,99.85,100.0,4606.34,10704.98,C_long_output,1
7.0285,399.4,99.85,100.0,4606.35,10704.98,C_long_output,1
7.2295,399.4,99.85,100.0,4606.35,10704.98,C_long_output,1
7.4401,414.1,103.53,100.0,4606.35,10704.98,C_long_output,1
7.6409,399.4,99.85,100.0,4606.35,10704.98,C_long_output,1
7.8417,399.4,99.85,100.0,4606.35,10704.98,C_long_output,1
8.0425,399.4,99.85,100.0,4606.35,10704.98,C_long_output,1
8.2433,399.4,99.85,100.0,4606.35,10704.98,C_long_output,1
8.4442,399.3,99.83,100.0,4606.35,10704.98,C_long_output,1
8.645,399.4,99.85,100.0,4606.35,10704.98,C_long_output,1
8.8457,399.4,99.85,100.0,4606.35,10704.98,C_long_output,1
9.0463,399.4,99.85,100.0,4606.36,10704.98,C_long_output,1
9.2472,399.4,99.85,100.0,4606.36,10704.98,C_long_output,1
9.448,399.4,99.85,100.0,4606.36,10704.98,C_long_output,1
9.6487,399.4,99.85,100.0,4606.36,10704.98,C_long_output,1
9.8496,399.4,99.85,100.0,4606.36,10704.98,C_long_output,1
10.0505,399.4,99.85,100.0,4606.36,10704.98,C_long_output,1
10.2512,399.4,99.85,100.0,4606.36,10704.98,C_long_output,1
10.452,399.4,99.85,100.0,4606.36,10704.98,C_long_output,1
10.6528,399.4,99.85,100.0,4606.36,10704.98,C_long_output,1
10.8535,399.4,99.85,100.0,4606.36,10704.98,C_long_output,1
11.0542,399.4,99.85,100.0,4606.36,10704.98,C_long_output,1
11.2549,399.4,99.85,100.0,4606.36,10704.98,C_long_output,1
11.4557,399.4,99.85,100.0,4606.36,10704.98,C_long_output,1
11.6564,399.4,99.85,100.0,4606.36,10704.98,C_long_output,1
11.8571,399.5,99.88,100.0,4606.36,10704.98,C_long_output,1
12.0579,399.4,99.85,100.0,4606.36,10704.98,C_long_output,1
12.2589,399.3,99.83,100.0,4606.36,10704.98,C_long_output,1
12.4599,399.4,99.85,100.0,4606.37,10704.98,C_long_output,1
12.6701,400.6,100.15,100.0,4606.37,10704.98,C_long_output,1
12.8709,399.4,99.85,100.0,4606.37,10704.98,C_long_output,1
13.0716,399.4,99.85,100.0,4606.37,10704.98,C_long_output,1
13.2724,399.4,99.85,100.0,4606.37,10704.98,C_long_output,1
13.4731,399.4,99.85,100.0,4606.37,10704.98,C_long_output,1
13.6738,399.4,99.85,100.0,4606.37,10704.98,C_long_output,1
13.8746,399.4,99.85,100.0,4606.37,10704.98,C_long_output,1
14.0754,399.4,99.85,100.0,4606.37,10704.98,C_long_output,1
14.2764,399.4,99.85,100.0,4606.37,10704.98,C_long_output,1
14.4772,399.4,99.85,100.0,4606.38,10704.98,C_long_output,1
14.6778,399.4,99.85,100.0,4606.38,10704.98,C_long_output,1
14.8787,399.4,99.85,100.0,4606.38,10704.98,C_long_output,1
15.0797,399.3,99.83,100.0,4606.38,10704.98,C_long_output,1
15.2805,399.4,99.85,100.0,4606.38,10704.98,C_long_output,1
15.4812,399.4,99.85,100.0,4606.38,10704.98,C_long_output,1
15.6821,399.4,99.85,100.0,4606.38,10704.98,C_long_output,1
15.8831,399.4,99.85,100.0,4606.38,10704.98,C_long_output,1
16.0837,399.4,99.85,100.0,4606.38,10704.98,C_long_output,1
16.2845,399.4,99.85,100.0,4606.38,10704.98,C_long_output,1
16.4853,399.4,99.85,100.0,4606.38,10704.98,C_long_output,1
16.6861,399.4,99.85,100.0,4606.38,10704.98,C_long_output,1
16.887,399.4,99.85,100.0,4606.38,10704.98,C_long_output,1
17.0877,399.4,99.85,100.0,4606.38,10704.98,C_long_output,1
17.2885,399.4,99.85,100.0,4606.38,10704.98,C_long_output,1
17.4894,399.3,99.83,100.0,4606.39,10704.98,C_long_output,1
17.6902,414.4,103.6,100.0,4606.39,10704.98,C_long_output,1
17.9001,401.2,100.3,100.0,4606.39,10704.98,C_long_output,1
18.1009,399.4,99.85,100.0,4606.39,10704.98,C_long_output,1
18.3017,399.4,99.85,100.0,4606.39,10704.98,C_long_output,1
18.5024,399.6,99.9,100.0,4606.39,10704.98,C_long_output,1
18.7032,399.5,99.88,100.0,4606.39,10704.98,C_long_output,1
18.9039,399.5,99.88,100.0,4606.39,10704.98,C_long_output,1
19.1044,269.7,67.42,66.7,4606.39,10704.98,C_long_output,1
0.2009,394.1,98.53,100.0,4606.4,10704.98,C_long_output,2
0.4017,399.4,99.85,100.0,4606.4,10704.98,C_long_output,2
0.6025,399.4,99.85,100.0,4606.4,10704.98,C_long_output,2
0.8033,399.5,99.88,100.0,4606.4,10704.98,C_long_output,2
1.0041,404.4,101.1,100.0,4606.4,10704.98,C_long_output,2
1.2146,400.1,100.03,100.0,4606.4,10704.98,C_long_output,2
1.4153,399.4,99.85,100.0,4606.4,10704.98,C_long_output,2
1.6159,399.5,99.88,100.0,4606.4,10704.98,C_long_output,2
1.8166,399.5,99.88,100.0,4606.4,10704.98,C_long_output,2
2.0173,399.4,99.85,100.0,4606.4,10704.98,C_long_output,2
2.218,399.4,99.85,100.0,4606.4,10704.98,C_long_output,2
2.4187,399.5,99.88,100.0,4606.4,10704.98,C_long_output,2
2.6194,404.5,101.12,100.0,4606.41,10704.98,C_long_output,2
2.8202,394.5,98.62,100.0,4606.41,10704.98,C_long_output,2
3.0209,399.4,99.85,100.0,4606.41,10704.98,C_long_output,2
3.2218,399.4,99.85,100.0,4606.41,10704.98,C_long_output,2
3.4226,399.4,99.85,100.0,4606.41,10704.98,C_long_output,2
3.6233,399.4,99.85,100.0,4606.41,10704.98,C_long_output,2
3.8239,399.5,99.88,100.0,4606.41,10704.98,C_long_output,2
4.0245,409.7,102.42,100.0,4606.41,10704.98,C_long_output,2
4.2253,399.5,99.88,100.0,4606.41,10704.98,C_long_output,2
4.4261,399.4,99.85,100.0,4606.41,10704.98,C_long_output,2
4.627,399.4,99.85,100.0,4606.41,10704.98,C_long_output,2
4.8279,399.4,99.85,100.0,4606.41,10704.98,C_long_output,2
5.0287,399.4,99.85,100.0,4606.41,10704.98,C_long_output,2
5.2296,399.4,99.85,100.0,4606.41,10704.98,C_long_output,2
5.4304,399.4,99.85,100.0,4606.41,10704.98,C_long_output,2
5.6312,399.4,99.85,100.0,4606.41,10704.98,C_long_output,2
5.832,399.4,99.85,100.0,4606.41,10704.98,C_long_output,2
6.0329,399.4,99.85,100.0,4606.41,10704.98,C_long_output,2
6.2337,399.4,99.85,100.0,4606.41,10704.98,C_long_output,2
6.4344,414.4,103.6,100.0,4606.42,10704.98,C_long_output,2
6.6445,400.7,100.17,100.0,4606.42,10704.98,C_long_output,2
6.8453,399.5,99.88,100.0,4606.42,10704.98,C_long_output,2
7.046,399.4,99.85,100.0,4606.42,10704.98,C_long_output,2
7.2468,399.4,99.85,100.0,4606.42,10704.98,C_long_output,2
7.4477,399.3,99.83,100.0,4606.42,10704.98,C_long_output,2
7.6486,399.4,99.85,100.0,4606.42,10704.98,C_long_output,2
7.8495,394.4,98.6,100.0,4606.42,10704.98,C_long_output,2
8.0503,399.4,99.85,100.0,4606.42,10704.98,C_long_output,2
8.2509,399.4,99.85,100.0,4606.42,10704.98,C_long_output,2
8.4516,399.5,99.88,100.0,4606.42,10704.98,C_long_output,2
8.6523,399.4,99.85,100.0,4606.42,10704.98,C_long_output,2
8.8532,399.4,99.85,100.0,4606.42,10704.98,C_long_output,2
9.0539,399.4,99.85,100.0,4606.43,10704.98,C_long_output,2
9.2545,414.6,103.65,100.0,4606.43,10704.98,C_long_output,2
9.4551,399.5,99.88,100.0,4606.43,10704.98,C_long_output,2
9.6557,399.5,99.88,100.0,4606.43,10704.98,C_long_output,2
9.8564,399.4,99.85,100.0,4606.43,10704.98,C_long_output,2
10.0572,399.4,99.85,100.0,4606.43,10704.98,C_long_output,2
10.2581,399.4,99.85,100.0,4606.44,10704.98,C_long_output,2
10.459,399.3,99.83,100.0,4606.44,10704.98,C_long_output,2
10.66,399.4,99.85,100.0,4606.44,10704.98,C_long_output,2
10.8607,399.4,99.85,100.0,4606.44,10704.98,C_long_output,2
11.0613,399.4,99.85,100.0,4606.44,10704.98,C_long_output,2
11.2621,399.4,99.85,100.0,4606.44,10704.98,C_long_output,2
11.4629,399.4,99.85,100.0,4606.44,10704.98,C_long_output,2
11.6637,399.4,99.85,100.0,4606.44,10704.98,C_long_output,2
11.8645,414.4,103.6,100.0,4606.44,10704.98,C_long_output,2
12.0746,400.9,100.22,100.0,4606.44,10704.98,C_long_output,2
12.2753,399.4,99.85,100.0,4606.45,10704.98,C_long_output,2
12.4761,399.4,99.85,100.0,4606.45,10704.98,C_long_output,2
12.6769,399.4,99.85,100.0,4606.45,10704.98,C_long_output,2
12.8776,399.4,99.85,100.0,4606.45,10704.98,C_long_output,2
13.0783,399.4,99.85,100.0,4606.45,10704.98,C_long_output,2
13.2789,399.4,99.85,100.0,4606.45,10704.98,C_long_output,2
13.4798,399.4,99.85,100.0,4606.45,10704.98,C_long_output,2
13.6807,399.3,99.83,100.0,4606.45,10704.98,C_long_output,2
13.8815,399.4,99.85,100.0,4606.45,10704.98,C_long_output,2
14.0824,399.4,99.85,100.0,4606.45,10704.98,C_long_output,2
14.2831,399.4,99.85,100.0,4606.45,10704.98,C_long_output,2
14.4839,399.4,99.85,100.0,4606.45,10704.98,C_long_output,2
14.6845,414.5,103.62,100.0,4606.45,10704.98,C_long_output,2
14.8852,399.5,99.88,100.0,4606.45,10704.98,C_long_output,2
15.0858,399.5,99.88,100.0,4606.45,10704.98,C_long_output,2
15.2867,399.4,99.85,100.0,4606.45,10704.98,C_long_output,2
15.4875,399.4,99.85,100.0,4606.45,10704.98,C_long_output,2
15.6884,399.4,99.85,100.0,4606.45,10704.98,C_long_output,2
15.8892,399.4,99.85,100.0,4606.45,10704.98,C_long_output,2
16.0899,399.4,99.85,100.0,4606.45,10704.98,C_long_output,2
16.2905,399.5,99.88,100.0,4606.45,10704.98,C_long_output,2
16.4913,399.4,99.85,100.0,4606.45,10704.98,C_long_output,2
16.6921,399.4,99.85,100.0,4606.46,10704.98,C_long_output,2
16.893,399.4,99.85,100.0,4606.46,10704.98,C_long_output,2
17.0938,399.4,99.85,100.0,4606.46,10704.98,C_long_output,2
17.3045,413.8,103.45,100.0,4606.46,10704.98,C_long_output,2
17.5053,399.4,99.85,100.0,4606.46,10704.98,C_long_output,2
17.706,399.4,99.85,100.0,4606.46,10704.98,C_long_output,2
17.9068,399.4,99.85,100.0,4606.46,10704.98,C_long_output,2
18.1076,399.4,99.85,100.0,4606.46,10704.98,C_long_output,2
18.3085,399.4,99.85,100.0,4606.46,10704.98,C_long_output,2
18.5092,399.4,99.85,100.0,4606.46,10704.98,C_long_output,2
18.71,399.4,99.85,100.0,4606.46,10704.98,C_long_output,2
18.9107,399.4,99.85,100.0,4606.46,10704.98,C_long_output,2
19.1113,234.7,58.67,55.0,4606.46,10704.98,C_long_output,2
0.2007,394.4,98.6,100.0,4606.46,10704.98,C_long_output,3
0.4015,389.4,97.35,100.0,4606.46,10704.98,C_long_output,3
0.6123,413.9,103.47,100.0,4606.47,10704.98,C_long_output,3
0.8132,399.2,99.8,100.0,4606.47,10704.98,C_long_output,3
1.0139,399.4,99.85,100.0,4606.47,10704.98,C_long_output,3
1.2147,399.4,99.85,100.0,4606.47,10704.98,C_long_output,3
1.4154,399.5,99.88,100.0,4606.47,10704.98,C_long_output,3
1.6162,399.4,99.85,100.0,4606.47,10704.98,C_long_output,3
1.8169,399.4,99.85,100.0,4606.47,10704.98,C_long_output,3
2.0176,399.5,99.88,100.0,4606.47,10704.98,C_long_output,3
2.2184,399.4,99.85,100.0,4606.47,10704.98,C_long_output,3
2.4192,399.4,99.85,100.0,4606.47,10704.98,C_long_output,3
2.6198,399.4,99.85,100.0,4606.47,10704.98,C_long_output,3
2.8206,399.4,99.85,100.0,4606.48,10704.98,C_long_output,3
3.0214,399.4,99.85,100.0,4606.48,10704.98,C_long_output,3
3.2223,414.4,103.6,100.0,4606.48,10704.98,C_long_output,3
3.423,399.4,99.85,100.0,4606.48,10704.98,C_long_output,3
3.6236,399.5,99.88,100.0,4606.48,10704.98,C_long_output,3
3.8243,399.5,99.88,100.0,4606.48,10704.98,C_long_output,3
4.0249,399.5,99.88,100.0,4606.48,10704.98,C_long_output,3
4.2256,394.4,98.6,100.0,4606.48,10704.98,C_long_output,3
4.4264,399.4,99.85,100.0,4606.48,10704.98,C_long_output,3
4.6272,399.4,99.85,100.0,4606.48,10704.98,C_long_output,3
4.8281,399.4,99.85,100.0,4606.48,10704.98,C_long_output,3
5.0289,399.3,99.83,100.0,4606.48,10704.98,C_long_output,3
5.2297,399.5,99.88,100.0,4606.49,10704.98,C_long_output,3
5.4422,434.3,108.58,100.0,4606.49,10704.98,C_long_output,3
5.6428,399.5,99.88,100.0,4606.49,10704.98,C_long_output,3
5.8436,399.5,99.88,100.0,4606.49,10704.98,C_long_output,3
6.0443,399.4,99.85,100.0,4606.49,10704.98,C_long_output,3
6.245,399.5,99.88,100.0,4606.49,10704.98,C_long_output,3
6.4458,399.4,99.85,100.0,4606.49,10704.98,C_long_output,3
6.6468,399.4,99.85,100.0,4606.49,10704.98,C_long_output,3
6.8477,399.3,99.83,100.0,4606.49,10704.98,C_long_output,3
7.0484,399.4,99.85,100.0,4606.49,10704.98,C_long_output,3
7.2492,399.5,99.88,100.0,4606.49,10704.98,C_long_output,3
7.4501,399.4,99.85,100.0,4606.49,10704.98,C_long_output,3
7.6507,399.5,99.88,100.0,4606.49,10704.98,C_long_output,3
7.8515,399.5,99.88,100.0,4606.5,10704.98,C_long_output,3
8.0521,414.6,103.65,100.0,4606.5,10704.98,C_long_output,3
8.2528,399.5,99.88,100.0,4606.5,10704.98,C_long_output,3
8.4535,399.5,99.88,100.0,4606.5,10704.98,C_long_output,3
8.6542,399.5,99.88,100.0,4606.5,10704.98,C_long_output,3
8.8551,399.4,99.85,100.0,4606.5,10704.98,C_long_output,3
9.056,399.4,99.85,100.0,4606.5,10704.98,C_long_output,3
9.2568,399.4,99.85,100.0,4606.5,10704.98,C_long_output,3
9.4577,399.4,99.85,100.0,4606.5,10704.98,C_long_output,3
9.6584,399.4,99.85,100.0,4606.5,10704.98,C_long_output,3
9.859,399.4,99.85,100.0,4606.5,10704.98,C_long_output,3
10.0598,399.4,99.85,100.0,4606.5,10704.98,C_long_output,3
10.2606,399.4,99.85,100.0,4606.5,10704.98,C_long_output,3
10.4613,399.4,99.85,100.0,4606.5,10704.98,C_long_output,3
10.6619,399.5,99.88,100.0,4606.51,10704.98,C_long_output,3
10.8723,400.4,100.1,98.8,4606.51,10704.98,C_long_output,3
11.0731,399.4,99.85,100.0,4606.51,10704.98,C_long_output,3
11.2738,399.4,99.85,100.0,4606.51,10704.98,C_long_output,3
11.4746,399.4,99.85,100.0,4606.51,10704.98,C_long_output,3
11.6754,399.4,99.85,100.0,4606.51,10704.98,C_long_output,3
11.8761,399.4,99.85,100.0,4606.51,10704.98,C_long_output,3
12.077,399.4,99.85,100.0,4606.51,10704.98,C_long_output,3
12.2777,399.4,99.85,100.0,4606.51,10704.98,C_long_output,3
12.4785,399.4,99.85,100.0,4606.52,10704.98,C_long_output,3
12.6794,399.4,99.85,100.0,4606.52,10704.98,C_long_output,3
12.8802,399.4,99.85,100.0,4606.52,10704.98,C_long_output,3
13.081,399.5,99.88,100.0,4606.52,10704.98,C_long_output,3
13.282,399.3,99.83,100.0,4606.52,10704.98,C_long_output,3
13.4827,399.5,99.88,100.0,4606.52,10704.98,C_long_output,3
13.6835,399.5,99.88,100.0,4606.52,10704.98,C_long_output,3
13.8842,399.4,99.85,100.0,4606.52,10704.98,C_long_output,3
14.0851,404.4,101.1,100.0,4606.52,10704.98,C_long_output,3
14.286,399.4,99.85,100.0,4606.52,10704.98,C_long_output,3
14.4869,399.1,99.78,100.0,4606.52,10704.98,C_long_output,3
14.6876,399.4,99.85,100.0,4606.52,10704.98,C_long_output,3
14.8883,399.5,99.88,100.0,4606.53,10704.98,C_long_output,3
15.089,399.5,99.88,100.0,4606.53,10704.98,C_long_output,3
15.2921,409.3,102.33,100.0,4606.53,10704.98,C_long_output,3
15.4928,399.5,99.88,100.0,4606.53,10704.98,C_long_output,3
15.6934,399.4,99.85,100.0,4606.53,10704.98,C_long_output,3
15.8941,399.5,99.88,100.0,4606.53,10704.98,C_long_output,3
16.0949,399.4,99.85,100.0,4606.54,10704.98,C_long_output,3
16.2957,399.4,99.85,100.0,4606.54,10704.98,C_long_output,3
16.4966,399.4,99.85,100.0,4606.54,10704.98,C_long_output,3
16.6975,399.4,99.85,100.0,4606.54,10704.98,C_long_output,3
16.8983,399.4,99.85,100.0,4606.54,10704.98,C_long_output,3
17.099,399.4,99.85,100.0,4606.54,10704.98,C_long_output,3
17.2999,399.4,99.85,100.0,4606.54,10704.98,C_long_output,3
17.5008,399.4,99.85,100.0,4606.54,10704.98,C_long_output,3
17.7016,399.4,99.85,100.0,4606.54,10704.98,C_long_output,3
17.9121,414.0,103.5,100.0,4606.54,10704.98,C_long_output,3
18.113,399.5,99.88,100.0,4606.54,10704.98,C_long_output,3
18.3139,399.4,99.85,100.0,4606.54,10704.98,C_long_output,3
18.5148,399.4,99.85,100.0,4606.54,10704.98,C_long_output,3
18.7156,399.4,99.85,100.0,4606.54,10704.98,C_long_output,3
18.9164,394.4,98.6,100.0,4606.54,10704.98,C_long_output,3
19.117,234.7,58.67,58.7,4606.54,10704.98,C_long_output,3
0.2008,399.4,99.85,100.0,4609.21,10707.2,D_combined,1
0.4015,399.4,99.85,100.0,4611.93,10706.62,D_combined,1
0.6022,399.4,99.85,100.0,4611.93,10706.62,D_combined,1
0.8028,399.4,99.85,100.0,4617.29,10697.95,D_combined,1
1.0035,399.5,99.88,100.0,4618.85,10697.95,D_combined,1
1.2042,399.5,99.88,100.0,4635.75,10680.73,D_combined,1
1.405,399.4,99.85,100.0,4645.51,10664.84,D_combined,1
1.6058,399.4,99.85,100.0,4650.83,10660.85,D_combined,1
1.8065,399.4,99.85,100.0,4656.14,10658.96,D_combined,1
2.0073,409.4,102.35,100.0,4665.1,10641.35,D_combined,1
2.2081,389.4,97.35,100.0,4665.11,10641.35,D_combined,1
2.4089,399.3,99.83,100.0,4622.98,10680.4,D_combined,1
2.6097,399.4,99.85,100.0,4622.98,10680.54,D_combined,1
2.8105,399.4,99.85,100.0,4622.98,10680.51,D_combined,1
3.0112,399.5,99.88,100.0,4622.98,10680.51,D_combined,1
3.2118,399.4,99.85,100.0,4622.98,10680.51,D_combined,1
3.4125,399.5,99.88,100.0,4622.98,10680.51,D_combined,1
3.6131,399.5,99.88,100.0,4622.98,10680.51,D_combined,1
3.8137,384.5,96.12,100.0,4622.98,10680.32,D_combined,1
4.0143,369.5,92.38,100.0,4622.98,10679.94,D_combined,1
4.2151,379.5,94.88,100.0,4622.98,10679.94,D_combined,1
4.4159,394.5,98.62,100.0,4622.98,10679.94,D_combined,1
4.6168,399.4,99.85,100.0,4622.99,10679.78,D_combined,1
4.82,399.4,99.85,100.0,4622.99,10679.78,D_combined,1
5.0208,399.4,99.85,100.0,4622.99,10679.78,D_combined,1
5.2216,399.4,99.85,100.0,4622.99,10679.78,D_combined,1
5.4222,399.5,99.88,100.0,4622.99,10679.78,D_combined,1
5.6229,399.5,99.88,100.0,4622.99,10679.78,D_combined,1
5.8237,399.4,99.85,100.0,4622.99,10679.78,D_combined,1
6.0245,399.4,99.85,100.0,4623.0,10679.78,D_combined,1
6.2252,399.5,99.88,100.0,4623.0,10679.78,D_combined,1
6.4258,399.5,99.88,100.0,4623.0,10679.78,D_combined,1
6.6265,404.3,101.08,100.0,4623.0,10679.78,D_combined,1
6.8273,394.4,98.6,100.0,4623.0,10679.78,D_combined,1
7.0281,399.4,99.85,100.0,4623.0,10679.78,D_combined,1
7.2289,399.4,99.85,100.0,4623.0,10679.78,D_combined,1
7.4296,399.4,99.85,100.0,4623.0,10679.78,D_combined,1
7.6402,400.1,100.03,100.0,4623.0,10679.78,D_combined,1
7.841,399.3,99.83,100.0,4623.0,10679.78,D_combined,1
8.0418,399.5,99.88,100.0,4623.0,10679.78,D_combined,1
8.2426,399.4,99.85,100.0,4623.0,10679.78,D_combined,1
8.4433,399.4,99.85,100.0,4623.0,10679.78,D_combined,1
8.6439,399.4,99.85,100.0,4623.0,10679.78,D_combined,1
8.8446,399.4,99.85,100.0,4623.0,10679.78,D_combined,1
9.0453,399.4,99.85,100.0,4623.01,10679.78,D_combined,1
9.2462,399.4,99.85,100.0,4623.01,10679.78,D_combined,1
9.447,399.3,99.83,100.0,4623.01,10679.78,D_combined,1
9.6478,399.4,99.85,100.0,4623.01,10679.78,D_combined,1
9.8485,399.4,99.85,100.0,4623.01,10679.78,D_combined,1
10.0493,399.4,99.85,100.0,4623.02,10679.78,D_combined,1
10.25,414.5,103.62,100.0,4623.02,10679.78,D_combined,1
10.4506,399.5,99.88,100.0,4623.02,10679.78,D_combined,1
10.6513,399.5,99.88,100.0,4623.02,10679.78,D_combined,1
10.8519,399.4,99.85,100.0,4623.02,10679.78,D_combined,1
11.0528,399.4,99.85,100.0,4623.02,10679.78,D_combined,1
11.2535,399.4,99.85,100.0,4623.02,10679.78,D_combined,1
11.4541,399.4,99.85,100.0,4623.02,10679.78,D_combined,1
11.6548,399.4,99.85,100.0,4623.02,10679.78,D_combined,1
11.8556,399.4,99.85,100.0,4623.02,10679.78,D_combined,1
12.0565,399.4,99.85,100.0,4623.02,10679.78,D_combined,1
12.2572,399.4,99.85,100.0,4623.02,10679.78,D_combined,1
12.458,399.4,99.85,100.0,4623.02,10679.78,D_combined,1
12.6587,399.4,99.85,100.0,4623.02,10679.78,D_combined,1
12.8594,399.4,99.85,100.0,4623.02,10679.78,D_combined,1
13.0702,413.9,103.47,100.0,4623.02,10679.78,D_combined,1
13.271,399.4,99.85,100.0,4623.02,10679.78,D_combined,1
13.4716,399.5,99.88,100.0,4623.02,10679.78,D_combined,1
13.6725,399.5,99.88,100.0,4623.02,10679.78,D_combined,1
13.8734,399.4,99.85,100.0,4623.02,10679.78,D_combined,1
14.0742,399.3,99.83,100.0,4623.03,10679.78,D_combined,1
14.2749,399.4,99.85,100.0,4623.03,10679.78,D_combined,1
14.4756,399.5,99.88,100.0,4623.03,10679.78,D_combined,1
14.6763,399.4,99.85,100.0,4623.03,10679.78,D_combined,1
14.8769,399.5,99.88,100.0,4623.03,10679.78,D_combined,1
15.0776,399.4,99.85,100.0,4623.03,10679.78,D_combined,1
15.2785,399.4,99.85,100.0,4623.03,10679.78,D_combined,1
15.4792,399.4,99.85,100.0,4623.03,10679.78,D_combined,1
15.6799,414.4,103.6,100.0,4623.03,10679.78,D_combined,1
15.8806,399.5,99.88,100.0,4623.03,10679.78,D_combined,1
16.0813,404.4,101.1,100.0,4623.03,10679.78,D_combined,1
16.282,399.4,99.85,100.0,4623.03,10679.78,D_combined,1
16.4827,399.4,99.85,100.0,4623.03,10679.78,D_combined,1
16.6835,399.4,99.85,100.0,4623.03,10679.78,D_combined,1
16.8843,399.4,99.85,100.0,4623.03,10679.78,D_combined,1
17.0902,404.4,101.1,100.0,4623.03,10679.78,D_combined,1
17.2909,399.4,99.85,100.0,4623.03,10679.78,D_combined,1
17.4916,399.4,99.85,100.0,4623.04,10679.78,D_combined,1
17.6923,399.4,99.85,100.0,4623.04,10679.78,D_combined,1
17.8931,399.4,99.85,100.0,4623.04,10679.78,D_combined,1
18.0939,399.4,99.85,100.0,4623.04,10679.78,D_combined,1
18.2947,399.4,99.85,100.0,4623.04,10679.78,D_combined,1
18.4955,399.4,99.85,100.0,4623.04,10679.78,D_combined,1
18.6964,399.3,99.83,100.0,4623.04,10679.78,D_combined,1
18.8972,399.4,99.85,100.0,4623.04,10679.78,D_combined,1
19.098,399.4,99.85,100.0,4623.04,10679.78,D_combined,1
19.2988,399.2,99.8,100.0,4623.04,10679.78,D_combined,1
19.4996,399.4,99.85,100.0,4623.05,10679.78,D_combined,1
19.7101,400.1,100.03,100.0,4623.05,10679.78,D_combined,1
19.9108,399.4,99.85,100.0,4623.05,10679.78,D_combined,1
20.1115,399.5,99.88,100.0,4623.05,10679.78,D_combined,1
20.3121,399.5,99.88,100.0,4623.05,10679.78,D_combined,1
20.5128,399.4,99.85,100.0,4623.05,10679.78,D_combined,1
20.7136,399.4,99.85,100.0,4623.05,10679.78,D_combined,1
20.9145,399.4,99.85,100.0,4623.05,10679.78,D_combined,1
21.1152,399.4,99.85,100.0,4623.05,10679.78,D_combined,1
21.3159,399.4,99.85,100.0,4623.05,10679.78,D_combined,1
21.5166,399.4,99.85,100.0,4623.05,10679.78,D_combined,1
21.7172,399.4,99.85,100.0,4623.05,10679.78,D_combined,1
21.9181,399.4,99.85,100.0,4623.05,10679.78,D_combined,1
22.1191,399.3,99.83,100.0,4623.05,10679.78,D_combined,1
22.3198,399.4,99.85,100.0,4623.06,10679.78,D_combined,1
22.5204,49.9,12.47,11.4,4623.06,10679.78,D_combined,1
0.2007,399.5,99.88,100.0,4623.06,10679.78,D_combined,2
0.4014,399.4,99.85,100.0,4623.06,10679.78,D_combined,2
0.6086,406.4,101.6,100.0,4623.06,10679.78,D_combined,2
0.8093,399.5,99.88,100.0,4623.2,10679.78,D_combined,2
1.01,399.5,99.88,100.0,4626.8,10679.78,D_combined,2
1.2108,399.4,99.85,100.0,4629.02,10679.78,D_combined,2
1.4115,399.4,99.85,100.0,4636.96,10679.78,D_combined,2
1.6122,399.4,99.85,100.0,4643.28,10677.48,D_combined,2
1.8129,399.5,99.88,100.0,4647.0,10670.59,D_combined,2
2.0137,399.4,99.85,100.0,4649.68,10668.68,D_combined,2
2.2145,399.4,99.85,100.0,4655.97,10654.93,D_combined,2
2.4152,399.4,99.85,100.0,4655.97,10654.93,D_combined,2
2.6159,399.5,99.88,100.0,4655.97,10654.93,D_combined,2
2.8167,399.4,99.85,100.0,4655.97,10654.93,D_combined,2
3.0176,399.4,99.85,100.0,4655.97,10654.93,D_combined,2
3.2184,399.4,99.85,100.0,4655.97,10654.93,D_combined,2
3.4286,400.6,100.15,100.0,4655.97,10654.93,D_combined,2
3.6293,399.5,99.88,100.0,4655.97,10654.93,D_combined,2
3.8299,399.5,99.88,100.0,4655.98,10654.93,D_combined,2
4.0308,399.5,99.88,100.0,4655.98,10654.93,D_combined,2
4.2315,394.4,98.6,100.0,4594.22,10716.75,D_combined,2
4.4322,399.4,99.85,100.0,4594.22,10716.75,D_combined,2
4.633,399.5,99.88,100.0,4594.22,10716.75,D_combined,2
4.8337,399.4,99.85,100.0,4594.22,10716.75,D_combined,2
5.0344,399.4,99.85,100.0,4594.22,10716.75,D_combined,2
5.2352,399.5,99.88,100.0,4594.22,10716.88,D_combined,2
5.436,399.4,99.85,100.0,4594.22,10716.88,D_combined,2
5.6368,399.4,99.85,100.0,4594.23,10716.88,D_combined,2
5.8375,399.4,99.85,100.0,4594.23,10716.88,D_combined,2
6.0382,399.5,99.88,100.0,4594.23,10716.88,D_combined,2
6.2388,399.5,99.88,100.0,4594.23,10716.88,D_combined,2
6.4395,399.5,99.88,100.0,4594.23,10716.88,D_combined,2
6.6403,399.4,99.85,100.0,4594.23,10716.88,D_combined,2
6.841,399.5,99.88,100.0,4594.23,10716.88,D_combined,2
7.0417,399.4,99.85,100.0,4594.23,10716.88,D_combined,2
7.2424,399.5,99.88,100.0,4594.23,10716.88,D_combined,2
7.4485,399.5,99.88,100.0,4594.23,10716.88,D_combined,2
7.6494,399.4,99.85,100.0,4594.23,10716.88,D_combined,2
7.8502,399.5,99.88,100.0,4594.23,10716.88,D_combined,2
8.051,399.4,99.85,100.0,4594.23,10716.88,D_combined,2
8.2516,399.4,99.85,100.0,4594.24,10716.88,D_combined,2
8.4522,399.5,99.88,100.0,4594.24,10716.88,D_combined,2
8.6528,399.5,99.88,100.0,4594.24,10716.88,D_combined,2
8.8535,399.4,99.85,100.0,4594.24,10716.88,D_combined,2
9.0543,399.4,99.85,100.0,4594.24,10716.88,D_combined,2
9.255,399.4,99.85,100.0,4594.24,10716.88,D_combined,2
9.4585,404.5,101.12,100.0,4594.25,10716.88,D_combined,2
9.6591,399.5,99.88,100.0,4594.25,10716.88,D_combined,2
9.8599,399.5,99.88,100.0,4594.25,10716.88,D_combined,2
10.0607,399.4,99.85,100.0,4594.25,10716.88,D_combined,2
10.2615,399.4,99.85,100.0,4594.25,10716.88,D_combined,2
10.4624,399.4,99.85,100.0,4594.25,10716.88,D_combined,2
10.663,399.4,99.85,100.0,4594.25,10716.88,D_combined,2
10.8638,399.5,99.88,100.0,4594.25,10716.88,D_combined,2
11.0645,399.4,99.85,100.0,4594.25,10716.88,D_combined,2
11.2687,414.5,103.62,100.0,4594.25,10716.88,D_combined,2
11.4695,399.4,99.85,100.0,4594.25,10716.88,D_combined,2
11.6702,399.4,99.85,100.0,4594.25,10716.88,D_combined,2
11.8708,399.5,99.88,100.0,4594.25,10716.88,D_combined,2
12.0715,399.5,99.88,100.0,4594.26,10716.88,D_combined,2
12.2722,399.4,99.85,100.0,4594.26,10716.88,D_combined,2
12.4728,399.4,99.85,100.0,4594.26,10716.88,D_combined,2
12.6735,399.4,99.85,100.0,4594.26,10716.88,D_combined,2
12.8743,399.4,99.85,100.0,4594.26,10716.88,D_combined,2
13.0749,399.4,99.85,100.0,4594.26,10716.88,D_combined,2
13.2756,399.5,99.88,100.0,4594.26,10716.88,D_combined,2
13.4764,399.4,99.85,100.0,4594.26,10716.88,D_combined,2
13.6772,399.4,99.85,100.0,4594.26,10716.88,D_combined,2
13.8779,399.4,99.85,100.0,4596.83,10716.69,D_combined,2
14.0786,414.4,103.6,100.0,4596.83,10716.69,D_combined,2
14.2835,396.1,99.03,100.0,4599.57,10716.06,D_combined,2
14.484,399.7,99.92,100.0,4599.57,10716.06,D_combined,2
14.6846,399.6,99.9,100.0,4599.57,10716.06,D_combined,2
14.8851,399.8,99.95,100.0,4599.57,10716.06,D_combined,2
15.0858,399.4,99.85,100.0,4599.57,10715.89,D_combined,2
15.2865,399.5,99.88,100.0,4599.57,10715.89,D_combined,2
15.4872,399.5,99.88,100.0,4599.57,10715.89,D_combined,2
15.688,404.5,101.12,100.0,4599.57,10715.89,D_combined,2
15.8979,396.3,99.08,100.0,4599.57,10715.89,D_combined,2
16.0985,414.5,103.62,100.0,4599.57,10715.89,D_combined,2
16.2992,399.5,99.88,100.0,4599.57,10715.89,D_combined,2
16.4999,399.5,99.88,100.0,4599.57,10715.89,D_combined,2
16.7006,399.5,99.88,100.0,4599.57,10715.89,D_combined,2
16.9013,394.5,98.62,100.0,4599.57,10715.89,D_combined,2
17.1019,399.5,99.88,100.0,4599.57,10715.89,D_combined,2
17.3025,399.5,99.88,100.0,4599.57,10715.89,D_combined,2
17.5031,399.5,99.88,100.0,4599.58,10715.51,D_combined,2
17.7039,399.5,99.88,100.0,4599.58,10715.51,D_combined,2
17.9047,399.4,99.85,100.0,4599.58,10715.51,D_combined,2
18.1054,399.4,99.85,100.0,4599.58,10715.4,D_combined,2
18.3062,404.5,101.12,100.0,4599.58,10715.4,D_combined,2
18.5069,399.4,99.85,100.0,4599.58,10715.4,D_combined,2
18.7075,399.5,99.88,100.0,4599.58,10715.4,D_combined,2
18.9084,399.5,99.88,100.0,4599.58,10715.4,D_combined,2
19.1093,399.4,99.85,100.0,4599.58,10715.4,D_combined,2
19.3099,399.5,99.88,100.0,4599.58,10715.4,D_combined,2
19.5106,399.5,99.88,100.0,4599.58,10715.4,D_combined,2
19.7112,399.5,99.88,100.0,4599.58,10715.4,D_combined,2
19.9118,399.5,99.88,100.0,4599.58,10715.4,D_combined,2
20.1127,399.4,99.85,100.0,4599.59,10715.4,D_combined,2
20.3136,399.4,99.85,100.0,4599.59,10715.4,D_combined,2
20.5142,399.4,99.85,100.0,4599.59,10715.4,D_combined,2
20.7149,399.5,99.88,100.0,4599.59,10715.4,D_combined,2
20.9158,399.4,99.85,100.0,4599.59,10715.4,D_combined,2
21.1166,399.4,99.85,100.0,4599.59,10715.4,D_combined,2
21.3174,399.4,99.85,100.0,4599.59,10715.4,D_combined,2
21.518,399.5,99.88,100.0,4599.59,10715.4,D_combined,2
21.7203,411.0,102.75,100.0,4599.6,10715.4,D_combined,2
21.9209,399.8,99.95,100.0,4599.6,10715.4,D_combined,2
22.1216,399.4,99.85,100.0,4600.36,10715.4,D_combined,2
22.3222,399.5,99.88,100.0,4600.36,10715.4,D_combined,2
22.5228,134.8,33.7,30.4,4600.36,10715.4,D_combined,2
0.2006,389.4,97.35,100.0,4603.13,10715.4,D_combined,3
0.4013,399.5,99.88,100.0,4614.78,10704.3,D_combined,3
0.602,399.4,99.85,100.0,4614.78,10704.22,D_combined,3
0.8027,394.5,98.62,100.0,4617.92,10702.17,D_combined,3
1.0035,399.4,99.85,100.0,4617.92,10702.17,D_combined,3
1.2044,404.4,101.1,100.0,4623.18,10693.55,D_combined,3
1.4061,397.5,99.38,100.0,4632.15,10679.77,D_combined,3
1.6069,399.4,99.85,100.0,4650.08,10659.92,D_combined,3
1.8076,394.4,98.6,100.0,4650.08,10659.92,D_combined,3
2.0084,404.4,101.1,100.0,4650.08,10659.92,D_combined,3
2.215,402.8,100.7,100.0,4650.08,10659.92,D_combined,3
2.416,399.4,99.85,100.0,4650.09,10659.92,D_combined,3
2.6168,399.3,99.83,100.0,4650.11,10659.79,D_combined,3
2.8177,399.4,99.85,100.0,4615.52,10691.18,D_combined,3
3.0185,404.3,101.08,100.0,4615.52,10691.18,D_combined,3
3.2193,394.4,98.6,100.0,4615.52,10691.18,D_combined,3
3.4203,399.3,99.83,100.0,4615.52,10691.18,D_combined,3
3.6213,399.3,99.83,100.0,4615.52,10691.29,D_combined,3
3.8223,399.3,99.83,100.0,4615.52,10691.29,D_combined,3
4.0231,399.3,99.83,100.0,4615.52,10691.29,D_combined,3
4.224,399.4,99.85,100.0,4615.52,10691.29,D_combined,3
4.4248,414.3,103.58,100.0,4615.52,10691.29,D_combined,3
4.6351,395.8,98.95,100.0,4615.52,10691.48,D_combined,3
4.8359,399.4,99.85,100.0,4615.52,10691.48,D_combined,3
5.0367,399.3,99.83,100.0,4615.52,10691.48,D_combined,3
5.2376,399.4,99.85,100.0,4615.52,10691.48,D_combined,3
5.4384,399.3,99.83,100.0,4615.52,10691.48,D_combined,3
5.639,399.4,99.85,100.0,4615.52,10692.45,D_combined,3
5.8398,399.4,99.85,100.0,4615.53,10692.45,D_combined,3
6.0405,399.4,99.85,100.0,4615.53,10692.45,D_combined,3
6.2414,399.4,99.85,100.0,4615.53,10692.45,D_combined,3
6.4422,399.4,99.85,100.0,4615.53,10692.45,D_combined,3
6.643,399.4,99.85,100.0,4615.53,10692.47,D_combined,3
6.8438,399.4,99.85,100.0,4615.53,10692.47,D_combined,3
7.0444,399.5,99.88,100.0,4615.54,10692.47,D_combined,3
7.2452,399.5,99.88,100.0,4615.54,10692.47,D_combined,3
7.4459,399.4,99.85,100.0,4615.54,10692.47,D_combined,3
7.6466,399.4,99.85,100.0,4615.54,10692.47,D_combined,3
7.8474,399.4,99.85,100.0,4615.54,10692.47,D_combined,3
8.0481,399.4,99.85,100.0,4615.54,10692.47,D_combined,3
8.2488,399.4,99.85,100.0,4615.54,10692.47,D_combined,3
8.4496,399.4,99.85,100.0,4615.54,10692.47,D_combined,3
8.6504,399.4,99.85,100.0,4615.54,10692.47,D_combined,3
8.8549,411.9,102.97,100.0,4615.54,10692.47,D_combined,3
9.0557,399.4,99.85,100.0,4615.54,10692.47,D_combined,3
9.2564,399.4,99.85,100.0,4615.54,10692.47,D_combined,3
9.4572,399.4,99.85,100.0,4615.54,10692.47,D_combined,3
9.658,399.4,99.85,100.0,4615.54,10692.47,D_combined,3
9.8587,399.4,99.85,100.0,4615.54,10692.47,D_combined,3
10.0594,399.5,99.88,100.0,4615.54,10692.47,D_combined,3
10.26,399.4,99.85,100.0,4615.54,10692.47,D_combined,3
10.4607,399.4,99.85,100.0,4615.54,10692.47,D_combined,3
10.6616,399.4,99.85,100.0,4615.54,10692.47,D_combined,3
10.8626,399.3,99.83,100.0,4615.55,10692.47,D_combined,3
11.0635,399.4,99.85,100.0,4615.55,10692.47,D_combined,3
11.2644,399.4,99.85,100.0,4615.55,10692.47,D_combined,3
11.475,400.2,100.05,100.0,4615.55,10692.47,D_combined,3
11.6757,399.4,99.85,100.0,4615.55,10692.47,D_combined,3
11.8765,399.4,99.85,100.0,4615.55,10692.47,D_combined,3
12.0773,399.4,99.85,100.0,4615.55,10692.47,D_combined,3
12.2782,399.4,99.85,100.0,4615.55,10692.47,D_combined,3
12.479,399.3,99.83,100.0,4615.55,10692.47,D_combined,3
12.6798,399.4,99.85,100.0,4615.55,10692.47,D_combined,3
12.8806,399.4,99.85,100.0,4615.55,10692.47,D_combined,3
13.0815,399.4,99.85,100.0,4615.55,10692.47,D_combined,3
13.2823,399.3,99.83,100.0,4615.55,10692.47,D_combined,3
13.4832,399.4,99.85,100.0,4615.55,10692.47,D_combined,3
13.6839,399.4,99.85,100.0,4615.55,10692.47,D_combined,3
13.8847,399.4,99.85,100.0,4615.55,10692.47,D_combined,3
14.0854,399.4,99.85,100.0,4615.55,10692.47,D_combined,3
14.2861,399.4,99.85,100.0,4615.55,10692.47,D_combined,3
14.487,399.4,99.85,100.0,4615.56,10692.47,D_combined,3
14.6879,399.4,99.85,100.0,4615.56,10692.47,D_combined,3
14.8887,399.4,99.85,100.0,4615.56,10692.47,D_combined,3
15.0895,399.4,99.85,100.0,4615.56,10692.47,D_combined,3
15.2903,399.4,99.85,100.0,4615.56,10692.47,D_combined,3
15.4912,399.4,99.85,100.0,4615.56,10692.47,D_combined,3
15.6948,408.5,102.12,100.0,4615.56,10692.47,D_combined,3
15.8955,399.5,99.88,100.0,4615.56,10692.47,D_combined,3
16.0961,399.5,99.88,100.0,4615.56,10692.47,D_combined,3
16.2968,399.5,99.88,100.0,4615.56,10692.47,D_combined,3
16.4975,399.3,99.83,100.0,4615.56,10692.47,D_combined,3
16.6982,399.4,99.85,100.0,4615.56,10692.47,D_combined,3
16.899,399.4,99.85,100.0,4615.57,10692.47,D_combined,3
17.0997,399.4,99.85,100.0,4615.57,10692.47,D_combined,3
17.3006,399.4,99.85,100.0,4615.57,10692.47,D_combined,3
17.5014,399.4,99.85,100.0,4615.57,10692.47,D_combined,3
17.7022,399.4,99.85,100.0,4615.57,10692.47,D_combined,3
17.9032,399.4,99.85,100.0,4615.57,10692.47,D_combined,3
18.1039,399.4,99.85,100.0,4615.57,10692.47,D_combined,3
18.3046,399.4,99.85,100.0,4615.57,10692.47,D_combined,3
18.5149,400.4,100.1,100.0,4615.57,10692.47,D_combined,3
18.7157,399.4,99.85,100.0,4615.57,10692.47,D_combined,3
18.9164,399.4,99.85,100.0,4615.57,10692.47,D_combined,3
19.1172,399.4,99.85,100.0,4615.57,10692.47,D_combined,3
19.3181,399.4,99.85,100.0,4615.57,10692.47,D_combined,3
19.519,399.4,99.85,100.0,4615.57,10692.47,D_combined,3
19.7198,399.4,99.85,100.0,4615.57,10692.47,D_combined,3
19.9207,399.4,99.85,100.0,4615.57,10692.47,D_combined,3
20.1214,399.4,99.85,100.0,4615.57,10692.47,D_combined,3
20.3222,399.4,99.85,100.0,4615.57,10692.47,D_combined,3
20.523,399.4,99.85,100.0,4615.57,10692.47,D_combined,3
20.7238,399.4,99.85,100.0,4615.57,10692.47,D_combined,3
20.9245,399.4,99.85,100.0,4615.57,10692.47,D_combined,3
21.1252,399.5,99.88,100.0,4615.57,10692.47,D_combined,3
21.326,399.4,99.85,100.0,4615.57,10692.47,D_combined,3
21.5268,399.4,99.85,100.0,4615.57,10692.47,D_combined,3
21.7277,399.4,99.85,100.0,4615.57,10692.47,D_combined,3
21.9285,399.4,99.85,100.0,4615.57,10692.47,D_combined,3
22.1293,399.4,99.85,100.0,4615.58,10692.47,D_combined,3
22.3301,399.3,99.83,100.0,4615.58,10692.47,D_combined,3
22.5307,314.6,78.65,76.5,4615.58,10692.47,D_combined,3
